beat,start,end,duration_seconds,final_class,asset_id,asset_locator,provenance,rights_or_source,subtitle_safe,shot_lock,status
BM-B001,00:00:00.000,00:00:11.000,11.000,GFX,FX001,GFX_FINAL::FX001,HIA EXPLANATORY GFX,Project-created final GFX,PASS — 55/55 GFX lower 12–15% safe-zone lock,"Cold open: charcoal negative-space silhouette of full Big Muskie progressively subtracts boom, house and tub until only bucket outline remains; no archive photo on screen",LOCKED
BM-B002,00:00:11.580,00:00:21.540,9.960,REAL,R06,SOURCE_ARCHIVE_V2_CLEAN::R06,CURRENT PHOTO,CC BY-SA 4.0 — Toni Leland,PASS — editorial reframe keeps essential subject above caption band,"Current Toni Leland bucket, wide establishing frame with bucket isolated against site; first present-day reveal",LOCKED
BM-B003,00:00:21.540,00:00:32.780,11.240,REAL,R07,SOURCE_ARCHIVE_V2_CLEAN::R07,CURRENT PHOTO,CC BY-SA 3.0 — Eric Gunderson,PASS — editorial reframe keeps essential subject above caption band,"Gunderson northeast bucket angle reframed as human-scale composition; bucket mouth dominates, surrounding environment supplies scale",LOCKED
BM-B004,00:00:33.640,00:00:44.600,10.960,REAL,R01,SOURCE_ARCHIVE_V2_CLEAN::R01,HISTORICAL SOURCE,PUBLIC DOMAIN — U.S. EPA / NARA,PASS — editorial reframe keeps essential subject above caption band,"NARA 554830 full-machine historical frame, uncropped wide reveal; first authentic historical Big Muskie appearance",LOCKED
BM-B005,00:00:45.200,00:00:58.080,12.880,REAL,R05,SOURCE_ARCHIVE_V2_CLEAN::R05,HISTORICAL SOURCE,CC BY-SA 3.0 — Brian M. Powell,PASS — editorial reframe keeps essential subject above caption band,"1999 pre-demolition side view with restrained 1991→1999 date rail beneath, no additional machine photo",LOCKED
BM-B006,00:00:59.060,00:01:08.940,9.880,GFX,FX002,GFX_FINAL::FX002,HIA EXPLANATORY GFX,Project-created final GFX,PASS — 55/55 GFX lower 12–15% safe-zone lock,Mechanical subtraction sequence built from vector silhouette: labeled masses disappear into scrap-weight counter; bucket remains as final object,LOCKED
BM-B007,00:01:09.860,00:01:18.180,8.320,GFX,FX003,GFX_FINAL::FX003,HIA EXPLANATORY GFX,Project-created final GFX,PASS — 55/55 GFX lower 12–15% safe-zone lock,Extreme bucket-to-empty-space vector study derived from measured 220 yd³ dimensions; clean center negative space for the central question,LOCKED
BM-B008,00:01:18.500,00:01:31.680,13.180,GFX,FX004,GFX_FINAL::FX004,HIA EXPLANATORY GFX,Project-created final GFX,PASS — 55/55 GFX lower 12–15% safe-zone lock,"System-question composition: power demand → coal seam → overburden → machine equation, centered question mark replacing hero photography",LOCKED
BM-B009,00:01:32.760,00:01:45.700,12.940,REAL_CONTEXT,C10,SOURCE_ARCHIVE_V2_CLEAN::C10,HISTORICAL CONTEXT — NOT BIG MUSKIE,PUBLIC DOMAIN — U.S. EPA / NARA; Ohio regional context only,PASS — editorial reframe keeps essential subject above caption band,"Muskingum County Ohio Power strip-mined land near Chandlersville, wide geography/context frame with minimal location tag",LOCKED
BM-B010,00:01:46.460,00:01:58.580,12.120,GFX,FX005,GFX_FINAL::FX005,HIA EXPLANATORY GFX,Project-created final GFX,PASS — 55/55 GFX lower 12–15% safe-zone lock,"Original cross-section: surface / overburden / coal seam, vertical depth ruler animating downward",LOCKED
BM-B011,00:01:59.540,00:02:12.540,13.000,GFX,FX006,GFX_FINAL::FX006,HIA EXPLANATORY GFX,Project-created final GFX,PASS — 55/55 GFX lower 12–15% safe-zone lock,"97-ft average-depth comparison: human/building silhouette on left, layered overburden section on right",LOCKED
BM-B012,00:02:12.540,00:02:25.500,12.960,GFX,FX007,GFX_FINAL::FX007,HIA EXPLANATORY GFX,Project-created final GFX,PASS — 55/55 GFX lower 12–15% safe-zone lock,"182-ft cited case: same geology system but new steep vertical composition, coal seam compressed at bottom to emphasize depth",LOCKED
BM-B013,00:02:26.040,00:02:41.860,15.820,GFX,FX008,GFX_FINAL::FX008,HIA EXPLANATORY GFX,Project-created final GFX,PASS — 55/55 GFX lower 12–15% safe-zone lock,"615-MW generating unit → annual coal demand → mine demand flow, plant silhouette left and mine section right",LOCKED
BM-B014,00:02:42.680,00:02:55.080,12.400,GFX,FX009,GFX_FINAL::FX009,HIA EXPLANATORY GFX,Project-created final GFX,PASS — 55/55 GFX lower 12–15% safe-zone lock,"2.6M → 4.4M tons/year horizontal bar growth, one clean number change and no archive background",LOCKED
BM-B015,00:02:55.760,00:03:09.600,13.840,GFX,FX010,GFX_FINAL::FX010,HIA EXPLANATORY GFX,Project-created final GFX,PASS — 55/55 GFX lower 12–15% safe-zone lock,Causal conveyor composition: electricity demand → fuel → exposed coal → overburden moved faster,LOCKED
BM-B016,00:03:10.780,00:03:22.180,11.400,GFX,FX011,GFX_FINAL::FX011,HIA EXPLANATORY GFX,Project-created final GFX,PASS — 55/55 GFX lower 12–15% safe-zone lock,$41M expansion program as modular industrial-system diagram: mining / handling / electric railroad / power-plant link / dragline,LOCKED
BM-B017,00:03:22.180,00:03:33.520,11.340,REAL_CONTEXT,C19,SOURCE_ARCHIVE_V2_CLEAN::C19,HISTORICAL CONTEXT — NOT BIG MUSKIE,PUBLIC DOMAIN — U.S. EPA / NARA; Ohio regional context only,PASS — editorial reframe keeps essential subject above caption band,Ohio Power mining trucks with working farm in background; use as surrounding industrial-system/logistics context,LOCKED
BM-B018,00:03:34.120,00:03:52.660,18.540,REAL,R03,SOURCE_ARCHIVE_V2_CLEAN::R03,HISTORICAL SOURCE,PUBLIC DOMAIN — U.S. DOE,PASS — editorial reframe keeps essential subject above caption band,DOE c.1969 Big Muskie image with small lower-corner citation to Kraschnewski paper; machine remains dominant,LOCKED
BM-B019,00:03:53.360,00:04:04.040,10.680,REAL_CONTEXT,C07,SOURCE_ARCHIVE_V2_CLEAN::C07,HISTORICAL CONTEXT — NOT BIG MUSKIE,PUBLIC DOMAIN — U.S. EPA / NARA; Ohio regional context only,PASS — editorial reframe keeps essential subject above caption band,Test-drilling scene as application-study context; drill location markers become four inputs: coal need / depth / terrain / material flow,LOCKED
BM-B020,00:04:04.760,00:04:19.460,14.700,GFX,FX012,GFX_FINAL::FX012,HIA EXPLANATORY GFX,Project-created final GFX,PASS — 55/55 GFX lower 12–15% safe-zone lock,Four-variable engineering decision matrix converging into one dragline footprint; no machine photo,LOCKED
BM-B021,00:04:20.300,00:04:35.880,15.580,GFX,FX013,GFX_FINAL::FX013,HIA EXPLANATORY GFX,Project-created final GFX,PASS — 55/55 GFX lower 12–15% safe-zone lock,"Unique dragline operating geometry diagram: cut, boom reach, bucket path, spoil bank; animated path only",LOCKED
BM-B022,00:04:37.000,00:04:46.100,9.100,GFX,FX014,GFX_FINAL::FX014,HIA EXPLANATORY GFX,Project-created final GFX,PASS — 55/55 GFX lower 12–15% safe-zone lock,Reach-versus-depth geometry: boom arc intersects >100-ft overburden bench; no cycle arrows reused from FX013,LOCKED
BM-B023,00:04:47.040,00:05:01.100,14.060,REAL_CONTEXT,C12,SOURCE_ARCHIVE_V2_CLEAN::C12,HISTORICAL CONTEXT — NOT BIG MUSKIE,PUBLIC DOMAIN — U.S. EPA / NARA; Ohio regional context only,PASS — editorial reframe keeps essential subject above caption band,"Ohio Power recontoured/reseeded land; overlay shows spoil-placement and land-reshaping direction, not generic reclamation montage",LOCKED
BM-B024,00:05:01.960,00:05:15.360,13.400,REAL,R02,SOURCE_ARCHIVE_V2_CLEAN::R02,HISTORICAL SOURCE,PUBLIC DOMAIN — U.S. EPA / NARA,PASS — editorial reframe keeps essential subject above caption band,NARA 555644 full-machine frame with subtle system-alternative labels around margins; first early full side-scale use,LOCKED
BM-B025,00:05:16.200,00:05:28.880,12.680,RECONSTRUCTION,GEN01,RECON_FINAL::GEN01,AI RECONSTRUCTION,Project-created AI reconstruction,PASS — 22/22 production-accepted; caption-safe framing required,AI reconstruction: rail siding at mine with enormous disassembled Bucyrus lattice/house components arriving on period flatcars; machine not yet assembled,LOCKED
BM-B026,00:05:28.880,00:05:41.620,12.740,GFX,FX015,GFX_FINAL::FX015,HIA EXPLANATORY GFX,Project-created final GFX,PASS — 55/55 GFX lower 12–15% safe-zone lock,"Logistics count composition: 340 rail cars versus 260 trucks, two streams merging into mine-site assembly point",LOCKED
BM-B027,00:05:42.340,00:05:50.960,8.620,RECONSTRUCTION,GEN02,RECON_FINAL::GEN02,AI RECONSTRUCTION,Project-created AI reconstruction,PASS — 22/22 production-accepted; caption-safe framing required,"AI reconstruction: wide onsite assembly birthplace, circular tub and partial house under erection, major boom sections staged nearby",LOCKED
BM-B028,00:05:51.720,00:06:03.530,11.810,RECONSTRUCTION,GEN03,RECON_FINAL::GEN03,AI RECONSTRUCTION,Project-created AI reconstruction,PASS — 22/22 production-accepted; caption-safe framing required,"AI reconstruction: close industrial assembly operation—crane setting a huge lattice/structural component, focus on complexity rather than whole machine",LOCKED
BM-B029,00:06:04.110,00:06:14.350,10.240,RECONSTRUCTION,GEN04,RECON_FINAL::GEN04,AI RECONSTRUCTION,Project-created AI reconstruction,PASS — 22/22 production-accepted; caption-safe framing required,"AI reconstruction: ground-level assembly workers beside colossal components, human-scale contrast, incomplete 4250-W behind them",LOCKED
BM-B030,00:06:15.000,00:06:27.180,12.180,REAL,R03,SOURCE_ARCHIVE_V2_CLEAN::R03,HISTORICAL SOURCE,PUBLIC DOMAIN — U.S. DOE,PASS — editorial reframe keeps essential subject above caption band,Second and final R03 appearance: c.1969 machine shown with clean dimension callouts for mass and height only,LOCKED
BM-B031,00:06:28.020,00:06:38.320,10.300,REAL,R02,SOURCE_ARCHIVE_V2_CLEAN::R02,HISTORICAL SOURCE,PUBLIC DOMAIN — U.S. EPA / NARA,PASS — editorial reframe keeps essential subject above caption band,"Second and final R02 appearance: different crop emphasizing boom length / width / boom-down length, not the earlier full-frame composition",LOCKED
BM-B032,00:06:39.280,00:06:50.900,11.620,REAL,R08,SOURCE_ARCHIVE_V2_CLEAN::R08,CURRENT PHOTO,CC BY-SA 3.0 — Eric Gunderson; re-verified on Wikimedia Commons 2026-09-24,PASS — editorial reframe keeps essential subject above caption band,"South-facing current bucket angle, tight architectural crop emphasizing 220 yd³ empty volume and shell thickness",LOCKED
BM-B033,00:06:51.640,00:07:00.200,8.560,RECONSTRUCTION,GEN05,RECON_FINAL::GEN05,AI RECONSTRUCTION,Project-created AI reconstruction,PASS — 22/22 production-accepted; caption-safe framing required,"AI reconstruction: historically grounded bucket filled with overburden at ground level, payload mass physically readable before hoist",LOCKED
BM-B034,00:07:00.200,00:07:11.600,11.400,RECONSTRUCTION,GEN06,RECON_FINAL::GEN06,AI RECONSTRUCTION,Project-created AI reconstruction,PASS — 22/22 production-accepted; caption-safe framing required,"AI reconstruction: wide operating-era Big Muskie with bucket path visible across cut, physical relationship between entire machine and bucket",LOCKED
BM-B035,00:07:11.900,00:07:25.020,13.120,GFX,FX016,GFX_FINAL::FX016,HIA EXPLANATORY GFX,Project-created final GFX,PASS — 55/55 GFX lower 12–15% safe-zone lock,Six-step cycle wheel with mechanical-system labels replacing generic arrows: fill / hoist / swing / dump / return / repeat,LOCKED
BM-B036,00:07:25.860,00:07:36.800,10.940,RECONSTRUCTION,GEN07,RECON_FINAL::GEN07,AI RECONSTRUCTION,Project-created AI reconstruction,PASS — 22/22 production-accepted; caption-safe framing required,"AI reconstruction: operating cycle phase 1—bucket down on broken overburden, drag ropes taut, start of cut",LOCKED
BM-B037,00:07:37.280,00:07:49.460,12.180,RECONSTRUCTION,GEN08,RECON_FINAL::GEN08,AI RECONSTRUCTION,Project-created AI reconstruction,PASS — 22/22 production-accepted; caption-safe framing required,"AI reconstruction: phase 2—loaded 220-yd³ bucket just leaving ground under hoist, heavy overburden visible",LOCKED
BM-B038,00:07:50.400,00:08:01.480,11.080,DOCUMENT,D03,SOURCE_ARCHIVE_V2_CLEAN::D03,DOCUMENT — ENGINEERING LINEAGE,"DOCUMENT — US3531088A hoist patent; engineering lineage, not exact 4250-W blueprint",PASS — crop/reframe document content above caption band,First D03 appearance: clean crop of hoist patent mechanism with only relevant rope/drum path highlighted,LOCKED
BM-B039,00:08:01.480,00:08:12.460,10.980,RECONSTRUCTION,GEN09,RECON_FINAL::GEN09,AI RECONSTRUCTION,Project-created AI reconstruction,PASS — 22/22 production-accepted; caption-safe framing required,AI reconstruction: phase 3—loaded bucket elevated while upper works swing toward spoil dump point,LOCKED
BM-B040,00:08:13.100,00:08:28.220,15.120,RECONSTRUCTION,GEN10,RECON_FINAL::GEN10,AI RECONSTRUCTION,Project-created AI reconstruction,PASS — 22/22 production-accepted; caption-safe framing required,"AI reconstruction: phase 4—bucket at spoil bank immediately after dump, machine beginning return cycle; visually distinct direction and composition",LOCKED
BM-B041,00:08:28.220,00:08:39.960,11.740,DOCUMENT,D03,SOURCE_ARCHIVE_V2_CLEAN::D03,DOCUMENT — ENGINEERING LINEAGE,"DOCUMENT — US3531088A hoist patent; engineering lineage, not exact 4250-W blueprint",PASS — crop/reframe document content above caption band,"Second and final D03 appearance: different patent crop focusing drive/drum arrangement; side annotations explain functional role, not exact 4250-W blueprint",LOCKED
BM-B042,00:08:39.960,00:08:55.380,15.420,RECONSTRUCTION,GEN11,RECON_FINAL::GEN11,AI RECONSTRUCTION,Project-created AI reconstruction,PASS — 22/22 production-accepted; caption-safe framing required,"AI reconstruction: source-grounded electrical/motor machinery space inside giant dragline, multiple large DC motor housings and service access, no invented readable labels",LOCKED
BM-B043,00:08:55.380,00:09:08.020,12.640,GFX,FX017,GFX_FINAL::FX017,HIA EXPLANATORY GFX,Project-created final GFX,PASS — 55/55 GFX lower 12–15% safe-zone lock,"28 main-motion motor map: 10 hoist / 8 drag / 10 swing as three spatially separated banks, no document page visible",LOCKED
BM-B044,00:09:08.880,00:09:17.540,8.660,GFX,FX018,GFX_FINAL::FX018,HIA EXPLANATORY GFX,Project-created final GFX,PASS — 55/55 GFX lower 12–15% safe-zone lock,Hoist-load force-path animation from bucket weight through ropes to drums and structure; one-direction stress visualization,LOCKED
BM-B045,00:09:17.980,00:09:28.360,10.380,GFX,FX019,GFX_FINAL::FX019,HIA EXPLANATORY GFX,Project-created final GFX,PASS — 55/55 GFX lower 12–15% safe-zone lock,Swing-versus-drag comparison: two mechanical paths animate independently then synchronize into cycle timing,LOCKED
BM-B046,00:09:28.900,00:09:37.380,8.480,GFX,FX020,GFX_FINAL::FX020,HIA EXPLANATORY GFX,Project-created final GFX,PASS — 55/55 GFX lower 12–15% safe-zone lock,"Start/stop shock-control composition: mass/inertia waveform traveling through boom/house/tub, then damped by controlled motion",LOCKED
BM-B047,00:09:38.360,00:09:48.400,10.040,RECONSTRUCTION,GEN12,RECON_FINAL::GEN12,AI RECONSTRUCTION,Project-created AI reconstruction,PASS — 22/22 production-accepted; caption-safe framing required,"AI reconstruction: exterior power-feed scene with massive trailing high-voltage cable entering Big Muskie across prepared mine floor, no workers in caption zone",LOCKED
BM-B048,00:09:48.900,00:10:01.800,12.900,GFX,FX021,GFX_FINAL::FX021,HIA EXPLANATORY GFX,Project-created final GFX,PASS — 55/55 GFX lower 12–15% safe-zone lock,13.8-kV feed + 105-ft tub top-down diagram; cable path and circular bearing footprint in blueprint-gray linework,LOCKED
BM-B049,00:10:02.800,00:10:14.360,11.560,RECONSTRUCTION,GEN13,RECON_FINAL::GEN13,AI RECONSTRUCTION,Project-created AI reconstruction,PASS — 22/22 production-accepted; caption-safe framing required,"AI reconstruction: low three-quarter view focused on circular tub bearing the enormous upper structure, stability and ground contact as subject",LOCKED
BM-B050,00:10:14.360,00:10:29.020,14.660,RECONSTRUCTION,GEN14,RECON_FINAL::GEN14,AI RECONSTRUCTION,Project-created AI reconstruction,PASS — 22/22 production-accepted; caption-safe framing required,"AI reconstruction: Big Muskie captured mid walking step on prepared route, four shoes/tub logic visible, absolutely no tracks or wheels",LOCKED
BM-B051,00:10:29.020,00:10:43.160,14.140,GFX,B051_TECH_RECON,REMOTION_V3_DIRECT::B051_FINAL,HIA TECHNICAL RECONSTRUCTION,Project-created technical reconstruction,PASS — user-approved final frame; lower 12–15% clear,"Final walking-shoe mechanism reconstruction: broad circular tub/base with broad flat walking shoes; no crawler/wheels/spider legs; accepted by user",LOCKED
BM-B052,00:10:43.160,00:10:54.900,11.740,GFX,B052_TECH_RECON,REMOTION_V3_DIRECT::B052_FINAL,HIA TECHNICAL RECONSTRUCTION,Project-created technical reconstruction,PASS — USER OVERRIDE: accepted unchanged; final caption baseline must avoid lower step labels,"Final stepping-propulsion reconstruction: circular tub + broad shoes + 3-step load-transfer sequence; accepted unchanged by user",LOCKED
BM-B053,00:10:55.660,00:11:06.600,10.940,RECONSTRUCTION,GEN15,RECON_FINAL::GEN15,AI RECONSTRUCTION,Project-created AI reconstruction,PASS — 22/22 production-accepted; caption-safe framing required,AI reconstruction: ground crew preparing travel path and managing trailing cable while Big Muskie looms in background,LOCKED
BM-B054,00:11:07.120,00:11:15.660,8.540,REAL_CONTEXT,C09,SOURCE_ARCHIVE_V2_CLEAN::C09,HISTORICAL CONTEXT — NOT BIG MUSKIE,PUBLIC DOMAIN — U.S. EPA / NARA; Ohio regional context only,PASS — editorial reframe keeps essential subject above caption band,Ohio Power road closure/land-control frame near Chandlersville; route/infrastructure context with simple path overlay,LOCKED
BM-B055,00:11:16.460,00:11:27.420,10.960,RECONSTRUCTION,GEN16,RECON_FINAL::GEN16,AI RECONSTRUCTION,Project-created AI reconstruction,PASS — 22/22 production-accepted; caption-safe framing required,"AI reconstruction: maintenance team working at base/machine-house access area, human scale versus machinery",LOCKED
BM-B056,00:11:28.360,00:11:40.180,11.820,GFX,FX022,GFX_FINAL::FX022,HIA EXPLANATORY GFX,Project-created final GFX,PASS — 55/55 GFX lower 12–15% safe-zone lock,"Seven-member crew / support-role radial diagram: operator / maintenance / power / ground prep / planning, silhouettes only",LOCKED
BM-B057,00:11:40.180,00:11:50.420,10.240,RECONSTRUCTION,GEN17,RECON_FINAL::GEN17,AI RECONSTRUCTION,Project-created AI reconstruction,PASS — 22/22 production-accepted; caption-safe framing required,"AI reconstruction: separate operating-crew coordination scene from elevated access/cab approach, people communicating while machine works in background",LOCKED
BM-B058,00:11:51.240,00:12:04.640,13.400,GFX,FX023,GFX_FINAL::FX023,HIA EXPLANATORY GFX,Project-created final GFX,PASS — 55/55 GFX lower 12–15% safe-zone lock,Workplace dependency map: five human roles feeding one operating cycle; no repeated crew photograph,LOCKED
BM-B059,00:12:04.640,00:12:15.400,10.760,REAL_CONTEXT,C02,SOURCE_ARCHIVE_V2_CLEAN::C02,HISTORICAL CONTEXT — NOT BIG MUSKIE,PUBLIC DOMAIN — U.S. EPA / NARA; Ohio regional context only,PASS — editorial reframe keeps essential subject above caption band,Regional coal-loading/truck system frame; explicit CONTEXT label and split arrow showing Big Muskie stops at overburden,LOCKED
BM-B060,00:12:15.940,00:12:29.140,13.200,REAL_CONTEXT,C19,SOURCE_ARCHIVE_V2_CLEAN::C19,HISTORICAL CONTEXT — NOT BIG MUSKIE,PUBLIC DOMAIN — U.S. EPA / NARA; Ohio regional context only,PASS — editorial reframe keeps essential subject above caption band,"Second and final C19 use: tighter crop on trucks/farm contrast, linked by line to power-station icon as the larger industrial body",LOCKED
BM-B061,00:12:29.440,00:12:41.800,12.360,GFX,FX024,GFX_FINAL::FX024,HIA EXPLANATORY GFX,Project-created final GFX,PASS — 55/55 GFX lower 12–15% safe-zone lock,System dependency chain with Big Muskie as one node among power plant / mine / coal handling / transport; node failure propagation,LOCKED
BM-B062,00:12:42.780,00:12:56.440,13.660,GFX,FX025,GFX_FINAL::FX025,HIA EXPLANATORY GFX,Project-created final GFX,PASS — 55/55 GFX lower 12–15% safe-zone lock,"Single-point vulnerability composition: many system nodes collapse onto one oversized central machine icon, then availability drops",LOCKED
BM-B063,00:12:56.440,00:13:10.720,14.280,REAL,R01,SOURCE_ARCHIVE_V2_CLEAN::R01,HISTORICAL SOURCE,PUBLIC DOMAIN — U.S. EPA / NARA,PASS — editorial reframe keeps essential subject above caption band,"Second and final R01 appearance: crop emphasizing active machine against mine, >8,000 yd³ operating-hour figure as small sourced overlay",LOCKED
BM-B064,00:13:11.400,00:13:26.420,15.020,GFX,FX026,GFX_FINAL::FX026,HIA EXPLANATORY GFX,Project-created final GFX,PASS — 55/55 GFX lower 12–15% safe-zone lock,Lifetime-volume scale: 483M yd³ translated into a growing excavated-volume block beside fixed machine silhouette; no archive photo,LOCKED
BM-B065,00:13:26.420,00:13:34.780,8.360,REAL_CONTEXT,C10,SOURCE_ARCHIVE_V2_CLEAN::C10,HISTORICAL CONTEXT — NOT BIG MUSKIE,PUBLIC DOMAIN — U.S. EPA / NARA; Ohio regional context only,PASS — editorial reframe keeps essential subject above caption band,Second and final C10 use: different landscape crop with ~18M tons coal-exposed annotation and no Big Muskie implication,LOCKED
BM-B066,00:13:35.440,00:13:50.060,14.620,DOCUMENT,D05,SOURCE_ARCHIVE_V2_CLEAN::D05,DOCUMENT,DOCUMENT — 1977 U.S. Bureau of Mines / Penn State study; exact cited pages/figures only,PASS — crop/reframe document content above caption band,First D05 appearance: report cover/page-8 transition into Figure 3 aerial; establish this as operating-data source,LOCKED
BM-B067,00:13:50.060,00:14:05.800,15.740,GFX,FX027,GFX_FINAL::FX027,HIA EXPLANATORY GFX,Project-created final GFX,PASS — 55/55 GFX lower 12–15% safe-zone lock,75.25-second cycle clock built from Table 8 values; bucket icon completes one cycle around circular timer,LOCKED
BM-B068,00:14:06.640,00:14:19.160,12.520,GFX,FX028,GFX_FINAL::FX028,HIA EXPLANATORY GFX,Project-created final GFX,PASS — 55/55 GFX lower 12–15% safe-zone lock,Fast six-panel kinetic recap of cycle phases using vector silhouettes only; no GEN07–GEN10 stills reused,LOCKED
BM-B069,00:14:20.000,00:14:31.140,11.140,DOCUMENT,D05,SOURCE_ARCHIVE_V2_CLEAN::D05,DOCUMENT,DOCUMENT — 1977 U.S. Bureau of Mines / Penn State study; exact cited pages/figures only,PASS — crop/reframe document content above caption band,"Second and final D05 appearance: Table 8 / page-24 data crop with 35% availability and 1,949,200 yd³ row boxed",LOCKED
BM-B070,00:14:32.280,00:14:43.840,11.560,GFX,FX029,GFX_FINAL::FX029,HIA EXPLANATORY GFX,Project-created final GFX,PASS — 55/55 GFX lower 12–15% safe-zone lock,Scope-warning card: one calendar month highlighted inside full career timeline; 35% locked to that measured window,LOCKED
BM-B071,00:14:43.840,00:14:56.000,12.160,GFX,FX030,GFX_FINAL::FX030,HIA EXPLANATORY GFX,Project-created final GFX,PASS — 55/55 GFX lower 12–15% safe-zone lock,"Mechanical-availability calendar: operating blocks versus unavailable blocks, documentary restrained not dashboard UI",LOCKED
BM-B072,00:14:56.680,00:15:06.180,9.500,GFX,FX031,GFX_FINAL::FX031,HIA EXPLANATORY GFX,Project-created final GFX,PASS — 55/55 GFX lower 12–15% safe-zone lock,1.9492M yd³ month converted into stacked volume blocks while 35% availability remains fixed in corner,LOCKED
BM-B073,00:15:06.660,00:15:19.000,12.340,GFX,FX032,GFX_FINAL::FX032,HIA EXPLANATORY GFX,Project-created final GFX,PASS — 55/55 GFX lower 12–15% safe-zone lock,"Paradox composition: left productivity bar rises, right maintenance/availability bar falls; center label “same actual-data row”",LOCKED
BM-B074,00:15:20.020,00:15:30.080,10.060,GFX,FX033,GFX_FINAL::FX033,HIA EXPLANATORY GFX,Project-created final GFX,PASS — 55/55 GFX lower 12–15% safe-zone lock,Capability concentration graphic: one giant machine icon contains most stripping capacity; outage removes entire block,LOCKED
BM-B075,00:15:30.700,00:15:41.220,10.520,RECONSTRUCTION,GEN18,RECON_FINAL::GEN18,AI RECONSTRUCTION,Project-created AI reconstruction,PASS — 22/22 production-accepted; caption-safe framing required,"AI reconstruction: solitary Big Muskie on vast mine floor with no duplicate/spare machine anywhere, emphasizing unique dependency",LOCKED
BM-B076,00:15:41.980,00:15:44.920,2.940,GFX,FX034,GFX_FINAL::FX034,HIA EXPLANATORY GFX,Project-created final GFX,PASS — 55/55 GFX lower 12–15% safe-zone lock,Failure-path strip: component fault → machine unavailable → stripping stops → coal exposure constrained,LOCKED
BM-B077,00:15:45.760,00:15:57.720,11.960,RECONSTRUCTION,GEN19,RECON_FINAL::GEN19,AI RECONSTRUCTION,Project-created AI reconstruction,PASS — 22/22 production-accepted; caption-safe framing required,"AI reconstruction: breakdown/repair scene distinct from GEN16—opened service area, mechanics diagnosing stalled machine, factual non-dramatic tone",LOCKED
BM-B078,00:15:58.660,00:16:12.540,13.880,GFX,FX035,GFX_FINAL::FX035,HIA EXPLANATORY GFX,Project-created final GFX,PASS — 55/55 GFX lower 12–15% safe-zone lock,Attributed Lindimore recollection on left versus measured D05 availability snapshot on right; clearly separates memory from statistic,LOCKED
BM-B079,00:16:13.140,00:16:22.440,9.300,GFX,FX036,GFX_FINAL::FX036,HIA EXPLANATORY GFX,Project-created final GFX,PASS — 55/55 GFX lower 12–15% safe-zone lock,1966→1991 changing-inputs timeline with five tracks: demand / geology / mining tech / coal economics / regulation,LOCKED
BM-B080,00:16:22.440,00:16:32.020,9.580,GFX,FX037,GFX_FINAL::FX037,HIA EXPLANATORY GFX,Project-created final GFX,PASS — 55/55 GFX lower 12–15% safe-zone lock,"Question pivot composition: giant bucket/machine silhouette fades while alternative mining-system paths appear, “Does the mine still need this?”",LOCKED
BM-B081,00:16:32.020,00:16:42.960,10.940,GFX,FX038,GFX_FINAL::FX038,HIA EXPLANATORY GFX,Project-created final GFX,PASS — 55/55 GFX lower 12–15% safe-zone lock,Five-condition pentagon representing original design logic; nodes begin changing color/position as 1980s arrive,LOCKED
BM-B082,00:16:43.740,00:16:57.000,13.260,GFX,FX039,GFX_FINAL::FX039,HIA EXPLANATORY GFX,Project-created final GFX,PASS — 55/55 GFX lower 12–15% safe-zone lock,"Alternatives board: dragline-led stripping versus newer mining-system pathways, abstract sourced comparison without fake equipment photo",LOCKED
BM-B083,00:16:57.000,00:17:10.420,13.420,DOCUMENT,D06,SOURCE_ARCHIVE_V2_CLEAN::D06,DOCUMENT,DOCUMENT — U.S. EPA Title IV source; exact timing/context only,PASS — crop/reframe document content above caption band,First D06 appearance: EPA Title IV source page/title with 1990 amendment context highlighted,LOCKED
BM-B084,00:17:11.540,00:17:20.760,9.220,GFX,FX040,GFX_FINAL::FX040,HIA EXPLANATORY GFX,Project-created final GFX,PASS — 55/55 GFX lower 12–15% safe-zone lock,Myth/reality split: “one law killed it” line struck through; multi-factor evidence branches beneath,LOCKED
BM-B085,00:17:20.760,00:17:33.680,12.920,DOCUMENT,D06,SOURCE_ARCHIVE_V2_CLEAN::D06,DOCUMENT,DOCUMENT — U.S. EPA Title IV source; exact timing/context only,PASS — crop/reframe document content above caption band,Second and final D06 appearance: crop highlighting Phase I timing / 1995 date,LOCKED
BM-B086,00:17:34.960,00:17:45.800,10.840,GFX,FX041,GFX_FINAL::FX041,HIA EXPLANATORY GFX,Project-created final GFX,PASS — 55/55 GFX lower 12–15% safe-zone lock,Clean date rail: 1990 amendments → Jan 1991 Big Muskie idle → 1995 Phase I compliance,LOCKED
BM-B087,00:17:46.520,00:17:59.840,13.320,GFX,FX042,GFX_FINAL::FX042,HIA EXPLANATORY GFX,Project-created final GFX,PASS — 55/55 GFX lower 12–15% safe-zone lock,Three-factor matrix: high-sulfur coal economics / mining technology / regulatory expectations converge on reduced rationale,LOCKED
BM-B088,00:18:00.860,00:18:13.560,12.700,GFX,FX043,GFX_FINAL::FX043,HIA EXPLANATORY GFX,Project-created final GFX,PASS — 55/55 GFX lower 12–15% safe-zone lock,1966 application-study decision tree ends at 4250-W silhouette; historical photo not repeated,LOCKED
BM-B089,00:18:14.520,00:18:24.560,10.040,GFX,FX044,GFX_FINAL::FX044,HIA EXPLANATORY GFX,Project-created final GFX,PASS — 55/55 GFX lower 12–15% safe-zone lock,Quarter-century input comparison: 1966 column versus 1991 column; machine icon moves from optimal to oversized solution,LOCKED
BM-B090,00:18:25.700,00:18:34.400,8.700,RECONSTRUCTION,GEN20,RECON_FINAL::GEN20,AI RECONSTRUCTION,Project-created AI reconstruction,PASS — 22/22 production-accepted; caption-safe framing required,"AI reconstruction: Big Muskie newly idle in 1991, intact and silent on mine floor, subdued daylight, no dismantling yet",LOCKED
BM-B091,00:18:35.140,00:18:48.020,12.880,RECONSTRUCTION,GEN21,RECON_FINAL::GEN21,AI RECONSTRUCTION,Project-created AI reconstruction,PASS — 22/22 production-accepted; caption-safe framing required,"AI reconstruction: post-shutdown giant machine as immovable infrastructure problem, maintenance access and empty worksite emphasize burden",LOCKED
BM-B092,00:18:48.600,00:18:58.080,9.480,REAL,R05,SOURCE_ARCHIVE_V2_CLEAN::R05,HISTORICAL SOURCE,CC BY-SA 3.0 — Brian M. Powell,PASS — editorial reframe keeps essential subject above caption band,"Second and final R05 appearance: authentic 1999 pre-demolition side view, full frame with no extra hero-photo reuse",LOCKED
BM-B093,00:18:59.040,00:19:11.880,12.840,REAL_CONTEXT,C01,SOURCE_ARCHIVE_V2_CLEAN::C01,HISTORICAL CONTEXT — NOT BIG MUSKIE,PUBLIC DOMAIN — U.S. EPA / NARA; Ohio regional context only,PASS — editorial reframe keeps essential subject above caption band,Ohio Power farmland/strip-mined background; reclamation responsibility and land obligations composition,LOCKED
BM-B094,00:19:12.600,00:19:25.400,12.800,GFX,FX045,GFX_FINAL::FX045,HIA EXPLANATORY GFX,Project-created final GFX,PASS — 55/55 GFX lower 12–15% safe-zone lock,"AEP 1999 announcement represented as sourced text excerpt on warm-paper field with R05 reduced to a traced outline, not the source photo",LOCKED
BM-B095,00:19:26.600,00:19:40.220,13.620,GFX,FX046,GFX_FINAL::FX046,HIA EXPLANATORY GFX,Project-created final GFX,PASS — 55/55 GFX lower 12–15% safe-zone lock,"Preservation feasibility square: funding / time / reclamation schedule / long-term liability, each constraint locks one corner",LOCKED
BM-B096,00:19:41.200,00:19:49.520,8.320,GFX,FX047,GFX_FINAL::FX047,HIA EXPLANATORY GFX,Project-created final GFX,PASS — 55/55 GFX lower 12–15% safe-zone lock,Countdown/schedule composition: preservation proposal window shrinks against reclamation timeline and cost bar,LOCKED
BM-B097,00:19:50.540,00:20:05.220,14.680,RECONSTRUCTION,GEN22,RECON_FINAL::GEN22,AI RECONSTRUCTION,Project-created AI reconstruction,PASS — 22/22 production-accepted; caption-safe framing required,"AI reconstruction: controlled 1999 dismantling in progress, cranes/support equipment separating major sections, no explosions or fantasy",LOCKED
BM-B098,00:20:05.920,00:20:13.680,7.760,REAL,R08,SOURCE_ARCHIVE_V2_CLEAN::R08,CURRENT PHOTO,CC BY-SA 3.0 — Eric Gunderson; re-verified on Wikimedia Commons 2026-09-24,PASS — editorial reframe keeps essential subject above caption band,Second and final R08 appearance: present-day bucket as saved monument immediately after dismantling beat,LOCKED
BM-B099,00:20:14.520,00:20:24.960,10.440,GFX,FX048,GFX_FINAL::FX048,HIA EXPLANATORY GFX,Project-created final GFX,PASS — 55/55 GFX lower 12–15% safe-zone lock,Before/after transition using vector traced shapes only: full machine outline collapses into isolated bucket outline,LOCKED
BM-B100,00:20:25.300,00:20:34.220,8.920,GFX,FX049,GFX_FINAL::FX049,HIA EXPLANATORY GFX,Project-created final GFX,PASS — 55/55 GFX lower 12–15% safe-zone lock,"Component disappearance ledger: boom / tub / house / hoist / drag / swing fade out one at a time, bucket remains",LOCKED
BM-B101,00:20:35.140,00:20:46.180,11.040,REAL,R07,SOURCE_ARCHIVE_V2_CLEAN::R07,CURRENT PHOTO,CC BY-SA 3.0 — Eric Gunderson,PASS — editorial reframe keeps essential subject above caption band,Second and final R07 appearance: bucket detail with earth-contact surfaces/teeth as the surviving working interface,LOCKED
BM-B102,00:20:46.880,00:20:57.040,10.160,REAL,R09,SOURCE_ARCHIVE_V2_CLEAN::R09,CURRENT PHOTO,CC BY 2.0 — Charles Barilleaux,PASS — editorial reframe keeps essential subject above caption band,"Barilleaux bucket angle, wide memorial composition; first R09 use",LOCKED
BM-B103,00:20:57.860,00:21:08.600,10.740,GFX,FX050,GFX_FINAL::FX050,HIA EXPLANATORY GFX,Project-created final GFX,PASS — 55/55 GFX lower 12–15% safe-zone lock,Current-bucket scale graphic using measured vector silhouette and person/car references; no source photo visible,LOCKED
BM-B104,00:21:09.540,00:21:19.440,9.900,REAL,R09,SOURCE_ARCHIVE_V2_CLEAN::R09,CURRENT PHOTO,CC BY 2.0 — Charles Barilleaux,PASS — editorial reframe keeps essential subject above caption band,Second and final R09 appearance: different crop on bucket shell with ~240-ton empty figure,LOCKED
BM-B105,00:21:20.300,00:21:31.060,10.760,REAL,R10,SOURCE_ARCHIVE_V2_CLEAN::R10,CURRENT PHOTO,CC BY 2.0 — Charles Barilleaux,PASS — editorial reframe keeps essential subject above caption band,Current chain detail beside bucket-history caption; first R10 use,LOCKED
BM-B106,00:21:32.100,00:21:43.900,11.800,GFX,FX051,GFX_FINAL::FX051,HIA EXPLANATORY GFX,Project-created final GFX,PASS — 55/55 GFX lower 12–15% safe-zone lock,HCEA surviving-parts composition: cable / chain / bucket-tooth icons sourced from text list; R10 not shown as HCEA’s exact artifact,LOCKED
BM-B107,00:21:44.560,00:21:53.940,9.380,REAL,R10,SOURCE_ARCHIVE_V2_CLEAN::R10,CURRENT PHOTO,CC BY 2.0 — Charles Barilleaux,PASS — editorial reframe keeps essential subject above caption band,Second and final R10 use: extreme material-detail crop transitions from surviving steel to landscape,LOCKED
BM-B108,00:21:54.280,00:22:06.120,11.840,REAL_CONTEXT,C01,SOURCE_ARCHIVE_V2_CLEAN::C01,HISTORICAL CONTEXT — NOT BIG MUSKIE,PUBLIC DOMAIN — U.S. EPA / NARA; Ohio regional context only,PASS — editorial reframe keeps essential subject above caption band,"Second and final C01 use: wider farm/mined-land frame, map-outline overlay shows land as second monument",LOCKED
BM-B109,00:22:06.580,00:22:15.960,9.380,REAL,R11,SOURCE_ARCHIVE_V2_CLEAN::R11,CURRENT PHOTO,CC BY-SA 4.0 — Toni Leland,PASS — editorial reframe keeps essential subject above caption band,"Reclamation Land Ohio full-frame landscape, first use; current reclaimed terrain replaces machinery",LOCKED
BM-B110,00:22:16.720,00:22:30.720,14.000,REAL_CONTEXT,C12,SOURCE_ARCHIVE_V2_CLEAN::C12,HISTORICAL CONTEXT — NOT BIG MUSKIE,PUBLIC DOMAIN — U.S. EPA / NARA; Ohio regional context only,PASS — editorial reframe keeps essential subject above caption band,Second and final C12 use: Ohio Power recontoured/reseeded land with four historical-system inputs annotated around margins,LOCKED
BM-B111,00:22:31.600,00:22:43.020,11.420,GFX,FX052,GFX_FINAL::FX052,HIA EXPLANATORY GFX,Project-created final GFX,PASS — 55/55 GFX lower 12–15% safe-zone lock,“Scale with a reason” equation assembles: demand × depth × geometry × technology → gigantic rational answer,LOCKED
BM-B112,00:22:44.100,00:22:55.540,11.440,REAL,R11,SOURCE_ARCHIVE_V2_CLEAN::R11,CURRENT PHOTO,CC BY-SA 4.0 — Toni Leland,PASS — editorial reframe keeps essential subject above caption band,"Second and final R11 use: alternate crop on reclaimed landscape with changing-obligations labels, no bucket photo",LOCKED
BM-B113,00:22:56.460,00:23:05.600,9.140,GFX,FX053,GFX_FINAL::FX053,HIA EXPLANATORY GFX,Project-created final GFX,PASS — 55/55 GFX lower 12–15% safe-zone lock,Present-day question composition built from clean vector bucket outline and empty surrounding space: “How could anyone build this?”,LOCKED
BM-B114,00:23:06.360,00:23:20.840,14.480,GFX,FX054,GFX_FINAL::FX054,HIA EXPLANATORY GFX,Project-created final GFX,PASS — 55/55 GFX lower 12–15% safe-zone lock,Final question composition: problem scale grows while machine silhouette first grows then disappears as inputs change,LOCKED
BM-B115,00:23:22.080,00:23:34.040,11.960,GFX,FX055,GFX_FINAL::FX055,HIA EXPLANATORY GFX,Project-created final GFX,PASS — 55/55 GFX lower 12–15% safe-zone lock,Particular-system/time montage made only from abstract timeline + landscape/machine silhouettes; avoids third use of R05/R11/bucket photos,LOCKED
BM-B116,00:23:34.040,00:23:46.400,12.360,REAL,R06,SOURCE_ARCHIVE_V2_CLEAN::R06,CURRENT PHOTO,CC BY-SA 4.0 — Toni Leland,PASS — editorial reframe keeps essential subject above caption band,Second and final R06 appearance: clean end-screen-safe bucket hold with empty right/upper space for end elements; picture hold extended 20 ms to canonical master end 23:46.400,LOCKED
