index,start,end,word,mode,confidence,chunk
1,1119.920,1120.140,What,exact,0.6455,4
2,1120.140,1120.280,do,exact,0.9341,4
3,1120.280,1120.380,you,exact,0.997,4
4,1120.380,1120.820,do,exact,0.9981,4
5,1120.820,1121.080,with,exact,0.9847,4
6,1121.080,1121.660,twenty-seven,interp,0.0,4
7,1121.660,1122.120,million,exact,0.9739,4
8,1122.120,1122.620,pounds,exact,0.9912,4
9,1122.620,1122.960,of,exact,0.9975,4
10,1122.960,1123.420,industrial,exact,0.9774,4
11,1123.420,1124.140,machinery,exact,0.9994,4
12,1124.140,1124.880,after,exact,0.794,4
13,1124.880,1125.200,nobody,exact,0.9863,4
14,1125.200,1125.620,needs,exact,0.9915,4
15,1125.620,1125.820,the,exact,0.9953,4
16,1125.820,1126.320,job,exact,0.9969,4
17,1126.320,1126.520,it,exact,0.9836,4
18,1126.520,1126.720,was,exact,0.9983,4
19,1126.720,1127.100,built,exact,0.9993,4
20,1127.100,1127.340,to,exact,0.9984,4
21,1127.340,1128.020,do,exact,0.9983,4
22,1128.600,1128.820,For,exact,0.9901,4
23,1128.820,1129.280,years,exact,0.9975,4
24,1129.480,1129.520,Big,exact,0.7947,4
25,1129.520,1129.940,Muskie,interp,0.0,4
26,1129.940,1130.440,remained,exact,0.999,4
27,1130.440,1130.680,in,exact,0.9963,4
28,1130.680,1131.220,Ohio,exact,0.992,4
29,1131.940,1132.040,It,exact,0.9962,4
30,1132.040,1132.220,no,exact,0.9985,4
31,1132.220,1132.440,longer,exact,0.9998,4
32,1132.440,1132.800,performed,exact,0.9912,4
33,1132.800,1133.020,the,exact,0.9919,4
34,1133.020,1133.460,job,exact,0.9988,4
35,1133.460,1133.660,for,exact,0.9805,4
36,1133.660,1133.860,which,exact,0.9991,4
37,1133.860,1134.040,it,exact,0.9982,4
38,1134.040,1134.180,had,exact,0.9965,4
39,1134.180,1134.400,been,exact,0.9942,4
40,1134.400,1134.900,built,exact,0.9991,4
41,1135.480,1135.700,But,exact,0.9963,4
42,1135.700,1135.920,the,exact,0.9976,4
43,1135.920,1136.180,machine,exact,0.8416,4
44,1136.180,1136.660,still,exact,0.9983,4
45,1136.660,1137.300,created,exact,0.998,4
46,1137.300,1138.080,obligations,exact,0.9824,4
47,1139.040,1139.220,The,exact,0.9963,4
48,1139.220,1139.520,land,exact,0.9948,4
49,1139.520,1139.780,had,exact,0.999,4
50,1139.780,1139.900,to,exact,0.9994,4
51,1139.900,1140.140,be,exact,0.9993,4
52,1140.140,1140.660,reclaimed,exact,0.97,4
53,1141.520,1141.720,Mining,exact,0.9638,4
54,1141.720,1142.140,permits,exact,0.9831,4
55,1142.140,1142.680,still,exact,0.9971,4
56,1142.680,1143.060,mattered,exact,0.9174,4
57,1144.360,1144.360,Responsibility,exact,0.9492,4
58,1144.360,1144.840,for,exact,0.997,4
59,1144.840,1145.020,the,exact,0.9988,4
60,1145.020,1145.320,site,exact,0.9586,4
61,1145.320,1145.800,still,exact,0.997,4
62,1145.800,1146.360,existed,exact,0.9993,4
63,1146.360,1147.260,And,exact,0.3863,4
64,1147.260,1147.460,Big,exact,0.776,4
65,1147.460,1147.800,Muskie,interp,0.0,4
66,1147.800,1148.020,was,exact,0.9933,4
67,1148.020,1148.320,far,exact,0.9958,4
68,1148.320,1148.500,too,exact,0.9986,4
69,1148.500,1148.880,large,exact,0.9976,4
70,1148.880,1149.120,to,exact,0.9926,4
71,1149.120,1149.500,treat,exact,0.9909,4
72,1149.500,1149.780,like,exact,0.931,4
73,1149.780,1150.020,an,exact,0.9954,4
74,1150.020,1150.360,ordinary,exact,0.9907,4
75,1150.360,1150.980,museum,exact,0.9605,4
76,1150.980,1151.880,object,exact,0.9941,4
77,1152.600,1152.760,So,exact,0.994,4
78,1152.760,1152.920,if,exact,0.8511,4
79,1152.920,1153.120,Big,exact,0.9817,4
80,1153.120,1153.440,Muskie,interp,0.0,4
81,1153.440,1153.740,was,exact,0.9992,4
82,1153.740,1154.060,already,exact,0.9974,4
83,1154.060,1154.760,historic,exact,0.9757,4
84,1155.340,1155.560,why,exact,0.9876,4
85,1155.560,1155.820,not,exact,0.999,4
86,1155.820,1156.240,preserve,exact,0.9916,4
87,1156.240,1156.520,the,exact,0.9978,4
88,1156.520,1156.740,whole,exact,0.9945,4
89,1156.740,1157.420,machine,exact,0.9972,4
90,1158.720,1158.720,People,exact,0.9849,4
91,1158.720,1159.280,tried,exact,0.9939,4
92,1160.020,1160.340,But,exact,0.9963,4
93,1160.340,1161.080,AEP's,exact,0.883,4
94,1161.080,1161.460,own,exact,0.9767,4
95,1161.460,1162.200,1999,exact,0.9638,4
96,1162.200,1162.980,announcement,exact,0.995,4
97,1162.980,1163.620,describes,exact,0.9833,4
98,1163.620,1163.920,a,exact,0.9919,4
99,1163.920,1164.320,much,exact,0.9863,4
100,1164.320,1164.660,harder,exact,0.9957,4
101,1164.660,1165.400,reality,exact,0.9982,4
102,1166.600,1166.600,Preservation,exact,0.8599,4
103,1166.600,1167.480,needed,exact,0.9967,4
104,1167.480,1167.900,a,exact,0.9907,4
105,1167.900,1168.280,real,exact,0.9827,4
106,1168.280,1168.880,plan,exact,0.9985,4
107,1169.360,1169.400,It,exact,0.9898,4
108,1169.400,1169.680,needed,exact,0.9986,4
109,1169.680,1170.260,funding,exact,0.9955,4
110,1170.820,1170.980,It,exact,0.9969,4
111,1170.980,1171.240,had,exact,0.9982,4
112,1171.240,1171.320,to,exact,0.9987,4
113,1171.320,1171.540,fit,exact,0.9996,4
114,1171.540,1171.840,within,exact,0.9927,4
115,1171.840,1172.080,the,exact,0.9984,4
116,1172.080,1172.520,reclamation,exact,0.8683,4
117,1172.520,1173.220,schedule,exact,0.9946,4
118,1173.220,1174.200,And,exact,0.6065,4
119,1174.200,1174.480,someone,exact,0.9425,4
120,1174.480,1174.760,had,exact,0.996,4
121,1174.760,1175.000,to,exact,0.9977,4
122,1175.000,1175.300,accept,exact,0.9975,4
123,1175.300,1176.040,long-term,interp,0.0,4
124,1176.040,1176.440,legal,exact,0.987,4
125,1176.440,1177.260,responsibility,exact,0.9965,4
126,1177.260,1177.880,for,exact,0.9911,4
127,1177.880,1178.080,the,exact,0.9966,4
128,1178.080,1178.500,machine,exact,0.9827,4
129,1178.500,1179.020,and,exact,0.9219,4
130,1179.020,1179.220,the,exact,0.9978,4
131,1179.220,1179.560,land,exact,0.9943,4
132,1179.560,1179.840,beneath,exact,0.9986,4
133,1179.840,1180.220,it,exact,0.9989,4
134,1181.200,1181.620,AEP,exact,0.688,4
135,1181.620,1181.860,said,exact,0.9975,4
136,1181.860,1182.000,there,exact,0.9473,4
137,1182.000,1182.120,was,exact,0.9975,4
138,1182.120,1182.320,not,exact,0.9961,4
139,1182.320,1182.580,enough,exact,0.9976,4
140,1182.580,1182.940,time,exact,0.9996,4
141,1182.940,1183.120,and,exact,0.9973,4
142,1183.120,1183.480,money,exact,0.9998,4
143,1183.480,1183.880,to,exact,0.9916,4
144,1183.880,1184.220,create,exact,0.9915,4
145,1184.220,1184.540,that,exact,0.9939,4
146,1184.540,1185.000,solution,exact,0.9989,4
147,1185.000,1185.320,within,exact,0.9933,4
148,1185.320,1185.580,the,exact,0.9982,4
149,1185.580,1185.960,required,exact,0.997,4
150,1185.960,1186.440,schedule,exact,0.9876,4
151,1187.160,1187.320,The,exact,0.9895,4
152,1187.320,1187.900,liability,exact,0.9907,4
153,1187.900,1188.540,did,exact,0.9894,4
154,1188.540,1188.920,not,exact,0.9997,4
155,1188.920,1189.520,disappear,exact,0.9984,4
156,1190.540,1190.720,So,exact,0.993,4
157,1190.720,1191.080,in,exact,0.8428,4
158,1191.080,1191.800,1999,exact,0.9881,4
159,1192.320,1192.380,Big,exact,0.85,4
160,1192.380,1192.760,Muskie,interp,0.0,4
161,1192.760,1193.140,was,exact,0.9981,4
162,1193.140,1193.600,dismantled,exact,0.9966,4
163,1194.280,1194.520,Not,exact,0.997,4
164,1194.520,1194.800,because,exact,0.9985,4
165,1194.800,1195.180,nobody,exact,0.9971,4
166,1195.180,1195.620,understood,exact,0.9989,4
167,1195.620,1195.900,that,exact,0.9786,4
168,1195.900,1196.020,it,exact,0.9975,4
169,1196.020,1196.320,was,exact,0.9992,4
170,1196.320,1196.780,historic,exact,0.9956,4
171,1196.780,1197.580,But,exact,0.471,4
172,1197.580,1198.020,because,exact,0.9537,4
173,1198.020,1198.500,preserving,exact,0.9941,4
174,1198.500,1199.280,twenty-seven,interp,0.0,4
175,1199.280,1199.700,million,exact,0.9789,4
176,1199.700,1200.140,pounds,exact,0.989,4
177,1200.140,1200.400,of,exact,0.9981,4
178,1200.400,1200.840,industrial,exact,0.9873,4
179,1200.840,1201.560,infrastructure,exact,0.998,4
180,1201.560,1202.280,was,exact,0.9615,4
181,1202.280,1202.880,itself,exact,0.9631,4
182,1202.880,1203.500,an,exact,0.9449,4
183,1203.500,1204.500,industrial-scale,interp,0.0,4
184,1204.500,1205.220,project,exact,0.9983,4
185,1205.920,1206.080,In,exact,0.9542,4
186,1206.080,1206.220,the,exact,0.9986,4
187,1206.220,1206.720,end,exact,0.9996,4
188,1206.720,1207.000,they,exact,0.8394,4
189,1207.000,1207.240,saved,exact,0.9656,4
190,1207.240,1207.480,the,exact,0.9956,4
191,1207.480,1207.660,part,exact,0.9541,4
192,1207.660,1207.840,that,exact,0.9954,4
193,1207.840,1208.080,could,exact,0.9975,4
194,1208.080,1208.280,still,exact,0.9861,4
195,1208.280,1208.640,become,exact,0.9979,4
196,1208.640,1208.780,a,exact,0.9949,4
197,1208.780,1209.220,monument,exact,0.9893,4
198,1209.920,1210.040,The,exact,0.9762,4
199,1210.040,1210.340,bucket,exact,0.9108,4
200,1211.200,1211.500,And,exact,0.9959,4
201,1211.500,1211.780,suddenly,exact,0.9967,4
202,1211.780,1212.100,the,exact,0.9697,4
203,1212.100,1212.440,story,exact,0.9938,4
204,1212.440,1212.880,comes,exact,0.995,4
205,1212.880,1213.240,full,exact,0.9929,4
206,1213.240,1213.680,circle,exact,0.98,4
207,1214.520,1214.700,The,exact,0.9924,4
208,1214.700,1215.040,machine,exact,0.9929,4
209,1215.040,1215.280,had,exact,0.9853,4
210,1215.280,1215.500,once,exact,0.9991,4
211,1215.500,1215.780,been,exact,0.9908,4
212,1215.780,1216.000,built,exact,0.9994,4
213,1216.000,1216.340,around,exact,0.997,4
214,1216.340,1216.680,that,exact,0.9972,4
215,1216.680,1217.060,bucket,exact,0.9972,4
216,1217.920,1218.180,In,exact,0.9962,4
217,1218.180,1218.800,1999,exact,0.9924,4
218,1218.800,1219.600,the,exact,0.4842,4
219,1219.600,1219.960,machine,exact,0.998,4
220,1219.960,1220.500,disappeared,exact,0.9992,4
221,1220.500,1221.200,and,exact,0.6655,4
222,1221.200,1221.460,the,exact,0.9988,4
223,1221.460,1221.900,bucket,exact,0.9974,4
224,1221.900,1222.460,remained,exact,0.9945,4
225,1222.460,1223.520,The,exact,0.3268,4
226,1223.520,1223.920,machine,exact,0.7436,4
227,1223.920,1224.240,house,exact,0.5937,4
228,1224.240,1224.460,was,exact,0.9922,4
229,1224.460,1224.960,gone,exact,0.9956,4
230,1225.300,1225.500,The,exact,0.9723,4
231,1225.500,1225.780,boom,exact,0.9666,4
232,1225.780,1226.080,was,exact,0.9953,4
233,1226.080,1226.520,gone,exact,0.9978,4
234,1226.940,1227.060,The,exact,0.9928,4
235,1227.060,1227.300,tub,exact,0.7997,4
236,1227.300,1227.540,was,exact,0.9965,4
237,1227.540,1228.060,gone,exact,0.9986,4
238,1228.500,1228.600,The,exact,0.9954,4
239,1228.600,1229.040,hoist,exact,0.9784,4
240,1229.300,1229.640,drag,exact,0.976,4
241,1229.640,1229.980,and,exact,0.7186,4
242,1229.980,1230.280,swing,exact,0.9946,4
243,1230.280,1230.760,systems,exact,0.9884,4
244,1230.760,1231.020,were,exact,0.9912,4
245,1231.020,1231.560,gone,exact,0.999,4
246,1232.000,1232.180,The,exact,0.9879,4
247,1232.180,1232.480,drive,exact,0.9361,4
248,1232.480,1232.800,motors,exact,0.9189,4
249,1232.800,1233.060,no,exact,0.9974,4
250,1233.060,1233.280,longer,exact,0.9994,4
251,1233.280,1233.640,moved,exact,0.9886,4
252,1233.640,1234.220,anything,exact,0.9874,4
253,1235.140,1235.360,What,exact,0.9822,4
254,1235.360,1235.840,survived,exact,0.9292,4
255,1235.840,1236.080,in,exact,0.9853,4
256,1236.080,1236.360,public,exact,0.9448,4
257,1236.360,1236.880,view,exact,0.9979,4
258,1236.880,1237.320,was,exact,0.9685,4
259,1237.320,1237.580,the,exact,0.9895,4
260,1237.580,1237.800,part,exact,0.9941,4
261,1237.800,1237.960,that,exact,0.9835,4
262,1237.960,1238.260,had,exact,0.9851,4
263,1238.260,1238.640,physically,exact,0.9968,4
264,1238.640,1238.940,entered,exact,0.9944,4
265,1238.940,1239.220,the,exact,0.9958,4
266,1239.220,1239.600,earth,exact,0.7892,4
267,1239.600,1239.980,for,exact,0.9954,4
268,1239.980,1240.180,more,exact,0.9973,4
269,1240.180,1240.380,than,exact,0.9982,4
270,1240.380,1240.680,two,exact,0.9167,4
271,1240.680,1241.300,decades,exact,0.9992,4
272,1242.220,1242.260,A,exact,0.9893,4
273,1242.260,1242.560,strange,exact,0.9976,4
274,1242.560,1242.940,ending,exact,0.997,4
275,1242.940,1243.160,for,interp,0.0,4
276,1243.160,1243.340,a,exact,0.9484,4
277,1243.340,1243.680,machine,exact,0.9949,4
278,1243.680,1244.060,that,exact,0.9968,4
279,1244.060,1244.240,could,exact,0.9929,4
280,1244.240,1244.400,never,exact,0.9947,4
281,1244.400,1244.660,be,exact,0.9973,4
282,1244.660,1244.980,understood,exact,0.9904,4
283,1244.980,1245.320,from,exact,0.9965,4
284,1245.320,1245.640,one,exact,0.9988,4
285,1245.640,1246.180,component,exact,0.9988,4
286,1246.880,1247.140,But,exact,0.9977,4
287,1247.140,1247.600,almost,exact,0.998,4
288,1247.600,1247.880,the,exact,0.9954,4
289,1247.880,1248.420,perfect,exact,0.9969,4
290,1248.420,1248.920,object,exact,0.1327,4
291,1248.920,1249.280,for,exact,0.9783,4
292,1249.280,1249.840,memory,exact,0.9942,4
293,1250.640,1250.860,Because,exact,0.9834,4
294,1250.860,1251.020,you,exact,0.9905,4
295,1251.020,1251.180,do,exact,0.9898,4
296,1251.180,1251.360,not,exact,0.9955,4
297,1251.360,1251.620,need,exact,0.9937,4
298,1251.620,1251.740,to,exact,0.9964,4
299,1251.740,1251.900,know,exact,0.9953,4
300,1251.900,1252.100,a,exact,0.9976,4
301,1252.100,1252.420,single,exact,0.9994,4
302,1252.420,1253.180,specification,exact,0.9959,4
303,1253.180,1253.840,to,exact,0.9211,4
304,1253.840,1254.020,look,exact,0.999,4
305,1254.020,1254.160,at,exact,0.9988,4
306,1254.160,1254.440,that,exact,0.9932,4
307,1254.440,1254.700,bucket,exact,0.9954,4
308,1254.700,1255.240,and,exact,0.9607,4
309,1255.240,1255.840,understand,exact,0.9961,4
310,1255.840,1256.340,one,exact,0.9935,4
311,1256.340,1257.040,thing,exact,0.9993,4
312,1257.860,1257.860,Whatever,exact,0.9388,4
313,1257.860,1258.280,carried,exact,0.9791,4
314,1258.280,1258.820,it,exact,0.9933,4
315,1258.820,1259.240,had,exact,0.8111,4
316,1259.240,1259.440,to,exact,0.9957,4
317,1259.440,1260.000,be,exact,0.9992,4
318,1260.000,1260.700,enormous,exact,0.9872,4
319,1261.880,1262.140,Today,exact,0.9818,4
320,1262.140,1262.440,Big,exact,0.3851,4
321,1262.440,1263.480,Muskie's,interp,0.0,4
322,1263.480,1263.480,bucket,exact,0.7982,4
323,1263.480,1264.080,stands,exact,0.9825,4
324,1264.080,1264.380,at,exact,0.9971,4
325,1264.380,1264.780,Miners,exact,0.5034,4
326,1264.780,1265.320,Memorial,exact,0.9341,4
327,1265.320,1265.980,Park,exact,0.9884,4
328,1265.980,1266.330,Two,interp,0.0,4
329,1266.330,1266.680,hundred,interp,0.0,4
330,1266.680,1267.030,and,interp,0.0,4
331,1267.030,1267.380,twenty,interp,0.0,4
332,1267.380,1267.920,cubic,exact,0.983,4
333,1267.920,1268.600,yards,exact,0.9973,4
334,1269.540,1269.540,Roughly,exact,0.9949,4
335,1269.540,1269.787,two,interp,0.0,4
336,1269.787,1270.033,hundred,interp,0.0,4
337,1270.033,1270.280,forty,interp,0.0,4
338,1270.280,1270.920,tons,exact,0.7308,4
339,1270.920,1271.540,empty,exact,0.9282,4
340,1272.380,1272.560,The,exact,0.9954,4
341,1272.560,1272.780,full,exact,0.9886,4
342,1272.780,1273.080,machine,exact,0.9969,4
343,1273.080,1273.340,is,exact,0.9987,4
344,1273.340,1273.520,no,exact,0.9981,4
345,1273.520,1273.760,longer,exact,0.9995,4
346,1273.760,1274.120,needed,exact,0.9986,4
347,1274.120,1274.500,to,exact,0.9958,4
348,1274.500,1274.720,make,exact,0.9991,4
349,1274.720,1274.980,the,exact,0.9974,4
350,1274.980,1275.360,scale,exact,0.9962,4
351,1275.360,1275.720,feel,exact,0.996,4
352,1275.720,1276.260,physical,exact,0.9959,4
353,1277.020,1277.340,Its,exact,0.917,4
354,1277.340,1277.740,absence,exact,0.0108,4
355,1277.740,1278.280,is,exact,0.9048,4
356,1278.280,1278.620,part,exact,0.9701,4
357,1278.620,1278.840,of,exact,0.9975,4
358,1278.840,1278.960,the,exact,0.9952,4
359,1278.960,1279.440,scale,exact,0.9914,4
360,1280.300,1280.700,Almost,exact,0.9879,4
361,1280.700,1281.060,all,exact,0.998,4
362,1281.060,1281.240,of,exact,0.987,4
363,1281.240,1281.400,Big,exact,0.7934,4
364,1281.400,1281.740,Muskie,interp,0.0,4
365,1281.740,1281.960,was,exact,0.9965,4
366,1281.960,1282.260,gone,exact,0.9929,4
367,1282.260,1282.480,by,exact,0.9952,4
368,1282.480,1282.600,the,exact,0.9943,4
369,1282.600,1282.760,end,exact,0.9972,4
370,1282.760,1283.740,of,exact,0.999,4
371,1283.740,1283.740,1999,exact,0.9878,4
372,1284.700,1284.840,The,exact,0.9946,4
373,1284.840,1285.040,bucket,exact,0.946,4
374,1285.040,1285.500,became,exact,0.9984,4
375,1285.500,1286.120,the,exact,0.9958,4
376,1286.120,1286.140,major,exact,0.9852,4
377,1286.140,1286.560,public,exact,0.9898,4
378,1286.560,1287.120,monument,exact,0.9912,4
379,1287.880,1288.140,And,exact,0.9966,4
380,1288.140,1288.280,it,exact,0.9942,4
381,1288.280,1288.440,is,exact,0.9964,4
382,1288.440,1288.680,not,exact,0.9982,4
383,1288.680,1289.140,literally,exact,0.9946,4
384,1289.140,1289.420,the,exact,0.9958,4
385,1289.420,1289.740,only,exact,0.9986,4
386,1289.740,1290.220,material,exact,0.9983,4
387,1290.220,1290.560,that,exact,0.999,4
388,1290.560,1291.060,survives,exact,0.9978,4
389,1292.100,1292.360,The,exact,0.9961,4
390,1292.360,1292.840,Historical,exact,0.9234,4
391,1292.840,1293.480,Construction,exact,0.9971,4
392,1293.480,1293.940,Equipment,exact,0.9922,4
393,1293.940,1294.780,Association,exact,0.9798,4
394,1294.780,1295.520,preserves,exact,0.9821,4
395,1295.520,1296.180,smaller,exact,0.9936,4
396,1296.180,1296.760,pieces,exact,0.9987,4
397,1297.500,1297.680,sections,exact,0.9975,4
398,1297.680,1298.000,of,exact,0.9995,4
399,1298.000,1298.300,cable,exact,0.9795,4
400,1298.300,1298.580,and,exact,0.9831,4
401,1298.580,1298.960,chain,exact,0.979,4
402,1298.960,1299.460,and,exact,0.6974,4
403,1299.460,1299.640,a,exact,0.9858,4
404,1299.640,1299.900,bucket,exact,0.9937,4
405,1299.900,1300.340,tooth,exact,0.8167,4
406,1301.140,1301.360,But,exact,0.9946,4
407,1301.360,1301.700,beside,exact,0.8562,4
408,1301.700,1302.440,the,exact,0.9984,4
409,1302.440,1302.440,bucket,exact,0.9968,4
410,1302.440,1302.700,the,exact,0.5167,4
411,1302.700,1303.000,history,exact,0.997,4
412,1303.000,1303.460,becomes,exact,0.9961,4
413,1303.460,1303.900,physical,exact,0.0169,4
414,1304.560,1304.900,The,exact,0.9703,4
415,1304.900,1305.340,machine,exact,0.9806,4
416,1305.340,1305.700,is,exact,0.9964,4
417,1305.700,1306.200,gone,exact,0.9948,4
418,1306.740,1306.960,The,exact,0.9875,4
419,1306.960,1307.260,scale,exact,0.9961,4
420,1307.260,1307.480,of,exact,0.9971,4
421,1307.480,1307.940,the,exact,0.9963,4
422,1307.940,1307.940,decision,exact,0.9941,4
423,1307.940,1308.200,that,exact,0.9883,4
424,1308.200,1308.560,created,exact,0.994,4
425,1308.560,1309.200,it,exact,0.9959,4
426,1309.200,1309.440,is,exact,0.9715,4
427,1309.440,1309.760,still,exact,0.998,4
428,1309.760,1310.060,sitting,exact,0.9981,4
429,1310.060,1310.440,there,exact,0.9984,4
430,1310.440,1310.760,in,exact,0.9835,4
431,1310.760,1311.300,steel,exact,0.9317,4
432,1312.160,1312.280,There,exact,0.9937,4
433,1312.280,1312.400,is,exact,0.9934,4
434,1312.400,1312.720,another,exact,0.9957,4
435,1312.720,1313.180,monument,exact,0.983,4
436,1313.180,1313.940,too,exact,0.6238,4
437,1314.280,1314.380,It,exact,0.995,4
438,1314.380,1314.520,is,exact,0.9934,4
439,1314.520,1314.860,much,exact,0.9978,4
440,1314.860,1315.220,larger,exact,0.9989,4
441,1315.220,1315.460,than,exact,0.9974,4
442,1315.460,1316.080,the,exact,0.9981,4
443,1316.080,1316.080,bucket,exact,0.9829,4
444,1316.780,1316.880,The,exact,0.9903,4
445,1316.880,1317.340,land,exact,0.95,4
446,1317.340,1318.100,itself,exact,0.9966,4
447,1319.180,1319.280,A,exact,0.98,4
448,1319.280,1319.680,landscape,exact,0.9258,4
449,1319.680,1320.340,first,exact,0.9632,4
450,1320.340,1320.980,reorganized,exact,0.9521,4
451,1320.980,1321.300,for,exact,0.997,4
452,1321.300,1321.700,mining,exact,0.9944,4
453,1322.600,1322.600,Cut,exact,0.9863,4
454,1322.920,1323.440,Moved,exact,0.9833,4
455,1324.220,1324.640,Planned,exact,0.3201,4
456,1324.640,1324.940,around,exact,0.9938,4
457,1324.940,1325.400,a,exact,0.9925,4
458,1325.400,1325.420,stripping,exact,0.9936,4
459,1325.420,1326.120,system,exact,0.9981,4
460,1326.580,1326.920,Then,exact,0.9924,4
461,1326.920,1327.480,reorganized,exact,0.9748,4
462,1327.480,1327.980,again,exact,0.9943,4
463,1327.980,1328.240,through,exact,0.9853,4
464,1328.240,1328.780,reclamation,exact,0.9354,4
465,1328.780,1329.460,and,exact,0.8355,4
466,1329.460,1329.660,the,exact,0.9887,4
467,1329.660,1329.960,later,exact,0.9926,4
468,1329.960,1330.380,reuse,exact,0.97,4
469,1330.380,1330.780,of,exact,0.9989,4
470,1330.780,1331.000,former,exact,0.9784,4
471,1331.000,1331.360,mining,exact,0.9934,4
472,1331.360,1331.980,land,exact,0.8821,4
473,1332.780,1333.000,Big,exact,0.9532,4
474,1333.000,1333.380,Muskie,interp,0.0,4
475,1333.380,1333.740,therefore,exact,0.8528,4
476,1333.740,1334.040,left,exact,0.9887,4
477,1334.040,1334.500,behind,exact,0.9963,4
478,1334.500,1334.860,more,exact,0.983,4
479,1334.860,1335.020,than,exact,0.9974,4
480,1335.020,1335.400,one,exact,0.9982,4
481,1335.400,1335.960,object,exact,0.9861,4
482,1336.720,1336.760,It,exact,0.9905,4
483,1336.760,1337.060,left,exact,0.9983,4
484,1337.060,1337.460,evidence,exact,0.9979,4
485,1337.460,1337.720,of,exact,0.9988,4
486,1337.720,1337.820,a,exact,0.9988,4
487,1337.820,1338.180,particular,exact,0.999,4
488,1338.180,1338.660,moment,exact,0.9958,4
489,1338.660,1339.160,in,exact,0.9884,4
490,1339.160,1339.580,American,exact,0.9957,4
491,1339.580,1340.200,industrial,exact,0.9666,4
492,1340.200,1340.940,history,exact,0.9997,4
493,1341.540,1341.640,A,exact,0.9952,4
494,1341.640,1341.900,moment,exact,0.9985,4
495,1341.900,1342.180,when,exact,0.9793,4
496,1342.180,1342.980,electric-power,interp,0.0,4
497,1342.980,1343.480,demand,exact,0.926,4
498,1344.000,1344.160,deep,exact,0.9954,4
499,1344.160,1344.900,overburden,exact,0.8237,4
500,1345.220,1345.500,coal,exact,0.95,4
501,1345.500,1345.980,economics,exact,0.7586,4
502,1345.980,1346.720,and,exact,0.5371,4
503,1346.720,1347.220,engineering,exact,0.9958,4
504,1347.220,1347.920,capability,exact,0.9893,4
505,1347.920,1348.820,all,exact,0.8411,4
506,1348.820,1349.240,pointed,exact,0.9895,4
507,1349.240,1349.580,in,exact,0.9965,4
508,1349.580,1349.840,the,exact,0.999,4
509,1349.840,1350.060,same,exact,0.9997,4
510,1350.060,1350.720,direction,exact,0.9994,4
511,1351.600,1351.780,For,exact,0.9938,4
512,1351.780,1351.940,a,exact,0.9939,4
513,1351.940,1352.400,time,exact,0.9997,4
514,1352.540,1352.620,the,exact,0.9954,4
515,1352.620,1353.040,rational,exact,0.9937,4
516,1353.040,1353.360,answer,exact,0.9995,4
517,1353.360,1354.060,was,exact,0.9995,4
518,1354.060,1354.720,gigantic,exact,0.775,4
519,1355.600,1355.840,Not,exact,0.9924,4
520,1355.840,1356.240,because,exact,0.9968,4
521,1356.240,1356.560,scale,exact,0.9591,4
522,1356.560,1356.840,was,exact,0.9992,4
523,1356.840,1357.000,the,exact,0.9945,4
524,1357.000,1357.380,goal,exact,0.8836,4
525,1357.920,1358.240,Because,exact,0.9987,4
526,1358.240,1358.520,the,exact,0.9978,4
527,1358.520,1358.720,problem,exact,0.9987,4
528,1358.720,1359.460,itself,exact,0.9991,4
529,1359.460,1359.940,was,exact,0.3937,4
530,1359.940,1360.620,enormous,exact,0.9903,4
531,1361.500,1361.740,Then,exact,0.9562,4
532,1361.740,1362.220,demand,exact,0.9377,4
533,1362.220,1363.020,changed,exact,0.9824,4
534,1364.100,1364.100,Technology,exact,0.9795,4
535,1364.100,1364.860,changed,exact,0.9976,4
536,1365.420,1365.820,Fuel,exact,0.9065,4
537,1365.820,1366.480,economics,exact,0.8624,4
538,1366.480,1367.260,changed,exact,0.9975,4
539,1367.860,1368.020,The,exact,0.9926,4
540,1368.020,1368.600,obligations,exact,0.9945,4
541,1368.600,1369.160,attached,exact,0.9955,4
542,1369.160,1369.380,to,exact,0.998,4
543,1369.380,1369.560,the,exact,0.9933,4
544,1369.560,1369.920,land,exact,0.9934,4
545,1369.920,1370.760,changed,exact,0.993,4
546,1371.540,1371.680,And,exact,0.9269,4
547,1371.680,1371.880,the,exact,0.9947,4
548,1371.880,1372.120,machine,exact,0.9923,4
549,1372.120,1372.340,that,exact,0.9895,4
550,1372.340,1372.520,had,exact,0.9425,4
551,1372.520,1372.760,once,exact,0.9985,4
552,1372.760,1372.980,been,exact,0.9895,4
553,1372.980,1373.140,an,exact,0.9814,4
554,1373.140,1373.880,answer,exact,0.9974,4
555,1373.880,1374.480,became,exact,0.8824,4
556,1374.480,1374.720,a,exact,0.9978,4
557,1374.720,1374.980,new,exact,0.998,4
558,1374.980,1375.540,problem,exact,0.9993,4
559,1376.460,1376.760,Today,exact,0.9638,4
560,1376.760,1377.200,people,exact,0.4656,4
561,1377.200,1377.420,look,exact,0.9884,4
562,1377.420,1377.560,at,exact,0.9985,4
563,1377.560,1377.760,the,exact,0.9956,4
564,1377.760,1377.900,bucket,exact,0.9846,4
565,1377.900,1378.140,and,exact,0.9949,4
566,1378.140,1378.460,ask,exact,0.9915,4
567,1379.100,1379.200,How,exact,0.4076,4
568,1379.200,1379.420,could,exact,0.9948,4
569,1379.420,1379.820,anyone,exact,0.9914,4
570,1379.820,1380.200,build,exact,0.9974,4
571,1380.200,1380.560,something,exact,0.9993,4
572,1380.560,1380.980,that,exact,0.9915,4
573,1380.980,1381.600,large,exact,0.9987,4
574,1382.140,1382.320,But,exact,0.9916,4
575,1382.320,1382.640,after,exact,0.9845,4
576,1382.640,1382.880,following,exact,0.9983,4
577,1382.880,1383.260,the,exact,0.9983,4
578,1383.260,1383.540,entire,exact,0.9975,4
579,1383.540,1384.100,system,exact,0.9996,4
580,1384.100,1384.460,there,exact,0.4479,4
581,1384.460,1384.640,is,exact,0.9922,4
582,1384.640,1384.760,a,exact,0.9931,4
583,1384.760,1385.020,better,exact,0.9986,4
584,1385.020,1385.600,question,exact,0.9993,4
585,1386.360,1386.620,What,exact,0.9886,4
586,1386.620,1386.860,kind,exact,0.9981,4
587,1386.860,1387.020,of,exact,0.9982,4
588,1387.020,1387.320,problem,exact,0.9944,4
589,1387.320,1387.680,makes,exact,0.9841,4
590,1387.680,1387.680,building,interp,0.0,4
591,1387.680,1388.200,something,exact,0.287,4
592,1388.200,1388.680,that,exact,0.9805,4
593,1388.680,1389.180,large,exact,0.9818,4
594,1389.180,1389.840,seem,exact,0.7143,4
595,1389.840,1390.340,reasonable,exact,0.9929,4
596,1391.320,1391.520,And,exact,0.9717,4
597,1391.520,1391.740,maybe,exact,0.9703,4
598,1391.740,1391.980,the,exact,0.9859,4
599,1391.980,1392.160,more,exact,0.9874,4
600,1392.160,1392.480,important,exact,0.998,4
601,1392.480,1392.920,question,exact,0.9989,4
602,1392.920,1393.160,is,exact,0.9955,4
603,1393.160,1393.580,this,exact,0.9957,4
604,1394.440,1394.620,What,exact,0.8408,4
605,1394.620,1394.880,has,exact,0.9991,4
606,1394.880,1395.040,to,exact,0.9988,4
607,1395.040,1395.600,change,exact,0.9991,4
608,1395.600,1396.240,before,exact,0.9913,4
609,1396.240,1396.680,even,exact,0.9977,4
610,1396.680,1397.280,twenty-seven,interp,0.0,4
611,1397.280,1397.780,million,exact,0.9863,4
612,1397.780,1398.140,pounds,exact,0.9927,4
613,1398.140,1398.400,of,exact,0.9987,4
614,1398.400,1398.840,machinery,exact,0.9987,4
615,1398.840,1399.900,becomes,exact,0.9838,4
616,1399.900,1400.840,unnecessary,exact,0.9847,4
617,1402.080,1402.280,Big,exact,0.9647,4
618,1402.280,1402.640,Muskie,interp,0.0,4
619,1402.640,1402.900,did,exact,0.9922,4
620,1402.900,1403.160,not,exact,0.9993,4
621,1403.160,1403.660,disappear,exact,0.9968,4
622,1403.660,1404.340,because,exact,0.9604,4
623,1404.340,1404.660,its,exact,0.9074,4
624,1404.660,1405.000,scale,exact,0.9952,4
625,1405.000,1405.260,had,exact,0.9901,4
626,1405.260,1405.560,always,exact,0.9992,4
627,1405.560,1405.820,been,exact,0.9993,4
628,1405.820,1406.340,meaningless,exact,0.9965,4
629,1407.380,1407.560,It,exact,0.9975,4
630,1407.560,1407.980,disappeared,exact,0.999,4
631,1407.980,1408.640,because,exact,0.9967,4
632,1408.640,1408.860,the,exact,0.9973,4
633,1408.860,1409.140,meaning,exact,0.9973,4
634,1409.140,1409.340,of,exact,0.9995,4
635,1409.340,1409.640,that,exact,0.9974,4
636,1409.640,1410.140,scale,exact,0.9983,4
637,1410.140,1410.760,belonged,exact,0.8217,4
638,1410.760,1410.960,to,exact,0.9986,4
639,1410.960,1411.080,a,exact,0.9993,4
640,1411.080,1411.500,particular,exact,0.9985,4
641,1411.500,1412.020,system,exact,0.9994,4
642,1412.020,1412.820,and,exact,0.7004,4
643,1412.820,1412.940,a,exact,0.9975,4
644,1412.940,1413.420,particular,exact,0.9994,4
645,1413.420,1414.040,time,exact,0.9993,4
646,1414.040,1414.960,The,exact,0.85,4
647,1414.960,1415.320,system,exact,0.996,4
648,1415.320,1416.000,changed,exact,0.9954,4
649,1416.600,1416.820,The,exact,0.986,4
650,1416.820,1417.220,machine,exact,0.9941,4
651,1417.220,1417.840,disappeared,exact,0.999,4
652,1418.660,1418.800,The,exact,0.9904,4
653,1418.800,1419.080,bucket,exact,0.9785,4
654,1419.080,1419.860,remained,exact,0.9967,4
655,1420.660,1420.900,evidence,exact,0.9635,4
656,1420.900,1421.300,that,exact,0.9674,4
657,1421.300,1421.440,for,exact,0.9536,4
658,1421.440,1421.680,one,exact,0.9958,4
659,1421.680,1422.120,moment,exact,0.9987,4
660,1422.120,1422.460,in,exact,0.9748,4
661,1422.460,1422.880,industrial,exact,0.989,4
662,1422.880,1423.660,history,exact,0.9997,4
663,1424.000,1424.060,the,exact,0.9945,4
664,1424.060,1424.420,answer,exact,0.9962,4
665,1424.420,1424.860,really,exact,0.9925,4
666,1424.860,1425.420,was,exact,0.9978,4
667,1425.420,1426.080,that,exact,0.5409,4
668,1426.080,1426.380,big,exact,0.9851,4
