beat_id,start,end,duration_seconds,chapter,narration,asset_class,specific_asset_requirement,provenance,motion_editing,gfx,rights_qc,status
SAT-B001,00:00:00.000,00:00:07.420,7.42,"ACT I — two towers, two failures",Two cooling towers rise from the wooded hills of western Washington. They look like a matched pair.,CURRENT_FOOTAGE,"Cleared present-day Satsop exterior/interior footage or stills showing scale, empty infrastructure, and active reuse without implying total abandonment.",No HISTORICAL SOURCE label; retain creator/license attribution,"Hard cuts among distinct viewpoints; stable footage or restrained static reframe, never repeated oscillating zooms.",None beyond captions unless a number/date named in narration materially improves comprehension.,Port material requires permission; restricted structures and active tenants must be represented accurately. Caption-safe lower 15% required.,PLANNED — ASSET NOT YET CLEARED
SAT-B002,00:00:07.420,00:00:18.360,10.94,"ACT I — two towers, two failures",Their histories are not. One belonged to Washington Nuclear Project Five. That project was about fourteen percent complete when it was terminated in 1982.,DOCUMENT,"Authenticated government/owner record page or dated period source tied to the stated event; highlight only the cited date, decision, or figure.",DOCUMENT,"Hard cut into a restrained page crop; one highlight/reveal, no generic document carousel.",Use one restrained factual overlay for the named number/date; remove it before the next unrelated claim.,"Verify page, agency, date, and embedded third-party rights before edit. Caption-safe lower 15% required.",PLANNED — ASSET NOT YET CLEARED
SAT-B003,00:00:18.360,00:00:30.600,12.24,"ACT I — two towers, two failures",The other served Washington Nuclear Project Three. That project reached seventy-four percent physical completion and remained preserved for possible completion until 1994.,DOCUMENT,"Authenticated government/owner record page or dated period source tied to the stated event; highlight only the cited date, decision, or figure.",DOCUMENT,"Hard cut into a restrained page crop; one highlight/reveal, no generic document carousel.",Use one restrained factual overlay for the named number/date; remove it before the next unrelated claim.,"Verify page, agency, date, and embedded third-party rights before edit. Caption-safe lower 15% required.",PLANNED — ASSET NOT YET CLEARED
SAT-B004,00:00:30.600,00:00:38.040,7.44,"ACT I — two towers, two failures",Neither project produced commercial electricity. The site was never fueled.,MAP_GFX,"Original HIA map/site-plan GFX grounded in official geography and unit layout; distinguish Project Three, Project Five, Hanford, and shared infrastructure.",No historical label; cite map/data sources,"Clean map trace or plan reveal; static labels, restrained camera, no fake satellite UI.",None beyond captions unless a number/date named in narration materially improves comprehension.,Unit placement and common-system geometry must be authenticated before final lock. Caption-safe lower 15% required.,PLANNED — ASSET NOT YET CLEARED
SAT-B005,00:00:38.040,00:00:53.800,15.76,"ACT I — two towers, two failures","So the mystery is not simply why Satsop was unfinished. It is why two reactor projects, built side by side, died twelve years apart — and why seventy-four percent complete was still too expensive to finish.",MAP_GFX,"Original HIA map/site-plan GFX grounded in official geography and unit layout; distinguish Project Three, Project Five, Hanford, and shared infrastructure.",No historical label; cite map/data sources,"Clean map trace or plan reveal; static labels, restrained camera, no fake satellite UI.",Use one restrained factual overlay for the named number/date; remove it before the next unrelated claim.,Unit placement and common-system geometry must be authenticated before final lock. Caption-safe lower 15% required.,PLANNED — ASSET NOT YET CLEARED
SAT-B006,00:00:53.800,00:01:02.800,9.0,"ACT I — two towers, two failures","On January 22, 1982, the Washington Public Power Supply System terminated Nuclear Projects Four and Five.",DOCUMENT,"Authenticated government/owner record page or dated period source tied to the stated event; highlight only the cited date, decision, or figure.",DOCUMENT,"Hard cut into a restrained page crop; one highlight/reveal, no generic document carousel.",Use one restrained factual overlay for the named number/date; remove it before the next unrelated claim.,"Verify page, agency, date, and embedded third-party rights before edit. Caption-safe lower 15% required.",PLANNED — ASSET NOT YET CLEARED
SAT-B007,00:01:02.800,00:01:12.460,9.66,"ACT I — two towers, two failures",Project Four stood at Hanford. Project Five stood here at Satsop. Financial advisers had reached a blunt conclusion.,MAP_GFX,"Original HIA map/site-plan GFX grounded in official geography and unit layout; distinguish Project Three, Project Five, Hanford, and shared infrastructure.",No historical label; cite map/data sources,"Clean map trace or plan reveal; static labels, restrained camera, no fake satellite UI.",Use one restrained factual overlay for the named number/date; remove it before the next unrelated claim.,Unit placement and common-system geometry must be authenticated before final lock. Caption-safe lower 15% required.,PLANNED — ASSET NOT YET CLEARED
SAT-B008,00:01:12.460,00:01:22.000,9.54,"ACT I — two towers, two failures",The bond market could not absorb the financing needed to carry all five nuclear projects then being pursued by the Supply System.,CURRENT_FOOTAGE,"Cleared present-day Satsop exterior/interior footage or stills showing scale, empty infrastructure, and active reuse without implying total abandonment.",No HISTORICAL SOURCE label; retain creator/license attribution,"Hard cuts among distinct viewpoints; stable footage or restrained static reframe, never repeated oscillating zooms.",None beyond captions unless a number/date named in narration materially improves comprehension.,Port material requires permission; restricted structures and active tenants must be represented accurately. Caption-safe lower 15% required.,PLANNED — ASSET NOT YET CLEARED
SAT-B009,00:01:22.000,00:01:29.280,7.28,"ACT I — two towers, two failures","At termination, Projects Four and Five had sold two point two five billion dollars in bonds.",GFX,"Source-grounded finance-flow or comparison graphic using the exact parties, percentages, and dollar basis stated in narration.",No historical label; cite source data in asset manifest,Remotion line/shape reveal keyed to spoken clauses; one comparison at a time.,Use one restrained factual overlay for the named number/date; remove it before the next unrelated claim.,Do not imply nominal-dollar equivalence or merge Project Three and Project Five financing. Caption-safe lower 15% required.,PLANNED — ASSET NOT YET CLEARED
SAT-B010,00:01:29.280,00:01:39.380,10.1,"ACT I — two towers, two failures",Their estimated combined completion cost had climbed to roughly twelve billion dollars — about eight point five billion above the original combined estimate.,GFX,"Source-grounded finance-flow or comparison graphic using the exact parties, percentages, and dollar basis stated in narration.",No historical label; cite source data in asset manifest,Remotion line/shape reveal keyed to spoken clauses; one comparison at a time.,Use one restrained factual overlay for the named number/date; remove it before the next unrelated claim.,Do not imply nominal-dollar equivalence or merge Project Three and Project Five financing. Caption-safe lower 15% required.,PLANNED — ASSET NOT YET CLEARED
SAT-B011,00:01:39.380,00:01:53.080,13.7,ACT II — the five-project system,Project Five itself was only about fourteen percent complete. The physical project advanced. The estimate for completing Projects Four and Five had already moved far beyond the original combined plan.,DOCUMENT_GFX,"Relevant official-source excerpt, restrained typographic pull-quote, or factual HIA diagram that makes the clause visually specific.",DOCUMENT only for the verified source page; otherwise no historical label,One purposeful reveal or hard cut; avoid generic cards and wallpaper text.,Use one restrained factual overlay for the named number/date; remove it before the next unrelated claim.,Every visible number and label must remain traceable to the claim-source map. Caption-safe lower 15% required.,PLANNED — ASSET NOT YET CLEARED
SAT-B012,00:01:53.080,00:02:02.480,9.4,ACT II — the five-project system,"But this was not just a construction problem. It was a promise to pay. To see how the region reached that point, rewind sixteen years.",ARCHIVE_PHOTO,Authenticated period construction photograph/film tied to the correct Satsop unit and date; use documents/GFX if rights remain unclear.,HISTORICAL SOURCE only while verified archive is actually visible,"Hard cut; static or ≤3% restrained crop; alternate scale, labor, structure, and site views.",Use one restrained factual overlay for the named number/date; remove it before the next unrelated claim.,Do not misidentify Unit Three/Five or reuse one image as fake visual progression. Caption-safe lower 15% required.,PLANNED — ASSET NOT YET CLEARED
SAT-B013,00:02:02.480,00:02:10.980,8.5,ACT II — the five-project system,"Through the mid-twentieth century, federal hydroelectric projects supplied most of the Pacific Northwest's electricity.",MAP_GFX,"Original HIA map/site-plan GFX grounded in official geography and unit layout; distinguish Project Three, Project Five, Hanford, and shared infrastructure.",No historical label; cite map/data sources,"Clean map trace or plan reveal; static labels, restrained camera, no fake satellite UI.",None beyond captions unless a number/date named in narration materially improves comprehension.,Unit placement and common-system geometry must be authenticated before final lock. Caption-safe lower 15% required.,PLANNED — ASSET NOT YET CLEARED
SAT-B014,00:02:10.980,00:02:22.220,11.24,ACT II — the five-project system,"By 1966, planners projected demand growing beyond what that system could provide. Utilities and Bonneville organized a regional planning effort.",MAP_GFX,"Original HIA map/site-plan GFX grounded in official geography and unit layout; distinguish Project Three, Project Five, Hanford, and shared infrastructure.",No historical label; cite map/data sources,"Clean map trace or plan reveal; static labels, restrained camera, no fake satellite UI.",Use one restrained factual overlay for the named number/date; remove it before the next unrelated claim.,Unit placement and common-system geometry must be authenticated before final lock. Caption-safe lower 15% required.,PLANNED — ASSET NOT YET CLEARED
SAT-B015,00:02:22.220,00:02:35.380,13.16,ACT II — the five-project system,"In 1969, that effort adopted a plan calling for several large thermal plants. the Supply System moved from a small organization into a builder of five nuclear projects.",DOCUMENT_GFX,"Relevant official-source excerpt, restrained typographic pull-quote, or factual HIA diagram that makes the clause visually specific.",DOCUMENT only for the verified source page; otherwise no historical label,One purposeful reveal or hard cut; avoid generic cards and wallpaper text.,Use one restrained factual overlay for the named number/date; remove it before the next unrelated claim.,Every visible number and label must remain traceable to the claim-source map. Caption-safe lower 15% required.,PLANNED — ASSET NOT YET CLEARED
SAT-B016,00:02:35.380,00:02:45.170,9.79,ACT II — the five-project system,"Before 1968 it had fewer than one hundred employees. By March 1979, it had 1,471.",DOCUMENT,"Authenticated government/owner record page or dated period source tied to the stated event; highlight only the cited date, decision, or figure.",DOCUMENT,"Hard cut into a restrained page crop; one highlight/reveal, no generic document carousel.",Use one restrained factual overlay for the named number/date; remove it before the next unrelated claim.,"Verify page, agency, date, and embedded third-party rights before edit. Caption-safe lower 15% required.",PLANNED — ASSET NOT YET CLEARED
SAT-B017,00:02:45.170,00:03:01.300,16.13,ACT II — the five-project system,"This was not one isolated plant running over budget. It was an entire portfolio competing for engineering, contractors, equipment, regulatory attention, and financing at the same time.",DOCUMENT_GFX,"Relevant official-source excerpt, restrained typographic pull-quote, or factual HIA diagram that makes the clause visually specific.",DOCUMENT only for the verified source page; otherwise no historical label,One purposeful reveal or hard cut; avoid generic cards and wallpaper text.,None beyond captions unless a number/date named in narration materially improves comprehension.,Every visible number and label must remain traceable to the claim-source map. Caption-safe lower 15% required.,PLANNED — ASSET NOT YET CLEARED
SAT-B018,00:03:01.300,00:03:10.260,8.96,ACT II — the five-project system,"Only one of those five projects would eventually operate: Project Two at Hanford, which entered commercial service in December 1984.",MAP_GFX,"Original HIA map/site-plan GFX grounded in official geography and unit layout; distinguish Project Three, Project Five, Hanford, and shared infrastructure.",No historical label; cite map/data sources,"Clean map trace or plan reveal; static labels, restrained camera, no fake satellite UI.",Use one restrained factual overlay for the named number/date; remove it before the next unrelated claim.,Unit placement and common-system geometry must be authenticated before final lock. Caption-safe lower 15% required.,PLANNED — ASSET NOT YET CLEARED
SAT-B019,00:03:10.260,00:03:23.280,13.02,ACT II — the five-project system,"By July 1976, eighty-eight customers of the Bonneville Power Administration and one private utility had become participants in Projects Four and Five.",DOCUMENT,"Authenticated government/owner record page or dated period source tied to the stated event; highlight only the cited date, decision, or figure.",DOCUMENT,"Hard cut into a restrained page crop; one highlight/reveal, no generic document carousel.",Use one restrained factual overlay for the named number/date; remove it before the next unrelated claim.,"Verify page, agency, date, and embedded third-party rights before edit. Caption-safe lower 15% required.",PLANNED — ASSET NOT YET CLEARED
SAT-B020,00:03:23.280,00:03:30.930,7.65,ACT II — the five-project system,The bonds were backed by contracts containing a take-or-pay obligation. The phrase sounds obscure.,GFX,"Source-grounded finance-flow or comparison graphic using the exact parties, percentages, and dollar basis stated in narration.",No historical label; cite source data in asset manifest,Remotion line/shape reveal keyed to spoken clauses; one comparison at a time.,None beyond captions unless a number/date named in narration materially improves comprehension.,Do not imply nominal-dollar equivalence or merge Project Three and Project Five financing. Caption-safe lower 15% required.,PLANNED — ASSET NOT YET CLEARED
SAT-B021,00:03:30.930,00:03:39.580,8.65,ACT II — the five-project system,"Its meaning was painfully clear. Participants were required to pay their share whether the plants were completed, operable, or operating.",DOCUMENT_GFX,"Relevant official-source excerpt, restrained typographic pull-quote, or factual HIA diagram that makes the clause visually specific.",DOCUMENT only for the verified source page; otherwise no historical label,One purposeful reveal or hard cut; avoid generic cards and wallpaper text.,None beyond captions unless a number/date named in narration materially improves comprehension.,Every visible number and label must remain traceable to the claim-source map. Caption-safe lower 15% required.,PLANNED — ASSET NOT YET CLEARED
SAT-B022,00:03:39.580,00:03:53.240,13.66,ACT II — the five-project system,"When the projects were alive, that promise helped make their bonds marketable. Once construction ended, it meant utilities could still face the cost of plants that would never deliver power.",GFX,"Source-grounded finance-flow or comparison graphic using the exact parties, percentages, and dollar basis stated in narration.",No historical label; cite source data in asset manifest,Remotion line/shape reveal keyed to spoken clauses; one comparison at a time.,None beyond captions unless a number/date named in narration materially improves comprehension.,Do not imply nominal-dollar equivalence or merge Project Three and Project Five financing. Caption-safe lower 15% required.,PLANNED — ASSET NOT YET CLEARED
SAT-B023,00:03:53.240,00:04:01.980,8.74,ACT II — the five-project system,GAO reported that rate increases would be required to service the debt. Utilities and ratepayers went to court.,DOCUMENT_GFX,"Relevant official-source excerpt, restrained typographic pull-quote, or factual HIA diagram that makes the clause visually specific.",DOCUMENT only for the verified source page; otherwise no historical label,One purposeful reveal or hard cut; avoid generic cards and wallpaper text.,None beyond captions unless a number/date named in narration materially improves comprehension.,Every visible number and label must remain traceable to the claim-source map. Caption-safe lower 15% required.,PLANNED — ASSET NOT YET CLEARED
SAT-B024,00:04:01.980,00:04:09.640,7.66,ACT II — the five-project system,The question was no longer only whether the projects should continue. It was who would carry the bill after they stopped.,DOCUMENT_GFX,"Relevant official-source excerpt, restrained typographic pull-quote, or factual HIA diagram that makes the clause visually specific.",DOCUMENT only for the verified source page; otherwise no historical label,One purposeful reveal or hard cut; avoid generic cards and wallpaper text.,None beyond captions unless a number/date named in narration materially improves comprehension.,Every visible number and label must remain traceable to the claim-source map. Caption-safe lower 15% required.,PLANNED — ASSET NOT YET CLEARED
SAT-B025,00:04:09.640,00:04:20.880,11.24,ACT II — the five-project system,"On July 22, 1983, the Project Four and Five bonds went into default. That is the famous the Supply System financial collapse.",DOCUMENT,"Authenticated government/owner record page or dated period source tied to the stated event; highlight only the cited date, decision, or figure.",DOCUMENT,"Hard cut into a restrained page crop; one highlight/reveal, no generic document carousel.",Use one restrained factual overlay for the named number/date; remove it before the next unrelated claim.,"Verify page, agency, date, and embedded third-party rights before edit. Caption-safe lower 15% required.",PLANNED — ASSET NOT YET CLEARED
SAT-B026,00:04:20.880,00:04:31.760,10.88,ACT II — the five-project system,"And yet the neighboring project at Satsop did not end with it. To understand why, the two towers have to be separated financially.",MAP_GFX,"Original HIA map/site-plan GFX grounded in official geography and unit layout; distinguish Project Three, Project Five, Hanford, and shared infrastructure.",No historical label; cite map/data sources,"Clean map trace or plan reveal; static labels, restrained camera, no fake satellite UI.",None beyond captions unless a number/date named in narration materially improves comprehension.,Unit placement and common-system geometry must be authenticated before final lock. Caption-safe lower 15% required.,PLANNED — ASSET NOT YET CLEARED
SAT-B027,00:04:31.760,00:04:38.140,6.38,ACT II — the five-project system,Project Five belonged to the participant-financed Project Four and Five system.,DOCUMENT_GFX,"Relevant official-source excerpt, restrained typographic pull-quote, or factual HIA diagram that makes the clause visually specific.",DOCUMENT only for the verified source page; otherwise no historical label,One purposeful reveal or hard cut; avoid generic cards and wallpaper text.,Use one restrained factual overlay for the named number/date; remove it before the next unrelated claim.,Every visible number and label must remain traceable to the claim-source map. Caption-safe lower 15% required.,PLANNED — ASSET NOT YET CLEARED
SAT-B028,00:04:38.140,00:04:49.420,11.28,ACT II — the five-project system,"Project Three belonged to an earlier group supported through net billing with Bonneville, the federal agency that marketed power from the Northwest's federal hydroelectric system.",GFX,"Source-grounded finance-flow or comparison graphic using the exact parties, percentages, and dollar basis stated in narration.",No historical label; cite source data in asset manifest,Remotion line/shape reveal keyed to spoken clauses; one comparison at a time.,Use one restrained factual overlay for the named number/date; remove it before the next unrelated claim.,Do not imply nominal-dollar equivalence or merge Project Three and Project Five financing. Caption-safe lower 15% required.,PLANNED — ASSET NOT YET CLEARED
SAT-B029,00:04:49.420,00:04:56.520,7.1,ACT II — the five-project system,Public utilities held capability shares in Project Three and assigned them to Bonneville.,DOCUMENT,Verified capability-share/net-billing agreement excerpt showing the assignment relationship among public utilities and Bonneville.,DOCUMENT,Highlight the parties and assignment clause; keep the rest of the page quiet.,Use one restrained factual overlay for the named number/date; remove it before the next unrelated claim.,Use the correct Project Three agreement; do not substitute Project Four/Five participant contracts. Caption-safe lower 15% required.,PLANNED — ASSET NOT YET CLEARED
SAT-B030,00:04:56.520,00:05:07.380,10.86,ACT II — the five-project system,"In exchange, Bonneville credited project costs through their wholesale power bills. Seventy percent of Project Three used that public net-billing structure.",GFX,"Source-grounded finance-flow or comparison graphic using the exact parties, percentages, and dollar basis stated in narration.",No historical label; cite source data in asset manifest,Remotion line/shape reveal keyed to spoken clauses; one comparison at a time.,Use one restrained factual overlay for the named number/date; remove it before the next unrelated claim.,Do not imply nominal-dollar equivalence or merge Project Three and Project Five financing. Caption-safe lower 15% required.,PLANNED — ASSET NOT YET CLEARED
SAT-B031,00:05:07.380,00:05:20.160,12.78,ACT II — the five-project system,"Four investor-owned utilities held the remaining thirty percent. A later settlement changed Bonneville's exposure, and Bonneville ultimately paid all Project Three project costs.",DOCUMENT_GFX,"Relevant official-source excerpt, restrained typographic pull-quote, or factual HIA diagram that makes the clause visually specific.",DOCUMENT only for the verified source page; otherwise no historical label,One purposeful reveal or hard cut; avoid generic cards and wallpaper text.,Use one restrained factual overlay for the named number/date; remove it before the next unrelated claim.,Every visible number and label must remain traceable to the claim-source map. Caption-safe lower 15% required.,PLANNED — ASSET NOT YET CLEARED
SAT-B032,00:05:20.160,00:05:29.680,9.52,ACT II — the five-project system,The structures looked similar because both projects were planned as large pressurized-water reactors of roughly twelve hundred and forty megawatts.,TECH_GFX,Source-grounded simplified plant/system diagram showing only the components named in narration.,DOCUMENT if a verified drawing is visible; otherwise no historical label,Component-by-component reveal; no decorative gauges or invented engineering detail.,None beyond captions unless a number/date named in narration materially improves comprehension.,"Do not depict either Satsop unit as fueled, operating, or completed. Caption-safe lower 15% required.",PLANNED — ASSET NOT YET CLEARED
SAT-B033,00:05:29.680,00:05:38.316,8.636,ACT II — the five-project system,But a cooling tower cannot show who carries the next billion dollars of risk.,GFX,"Source-grounded finance-flow or comparison graphic using the exact parties, percentages, and dollar basis stated in narration.",No historical label; cite source data in asset manifest,Remotion line/shape reveal keyed to spoken clauses; one comparison at a time.,Use one restrained factual overlay for the named number/date; remove it before the next unrelated claim.,Do not imply nominal-dollar equivalence or merge Project Three and Project Five financing. Caption-safe lower 15% required.,PLANNED — ASSET NOT YET CLEARED
SAT-B034,00:05:38.316,00:05:56.641,18.325,ACT III — financing split and collapse,"Nor can the tower show how much remained outside it. Each proposed Satsop unit included a reactor system, auxiliary building, turbine generator, cooling system, transmission connections, and supporting facilities.",MAP_GFX,"Original HIA map/site-plan GFX grounded in official geography and unit layout; distinguish Project Three, Project Five, Hanford, and shared infrastructure.",No historical label; cite map/data sources,"Clean map trace or plan reveal; static labels, restrained camera, no fake satellite UI.",None beyond captions unless a number/date named in narration materially improves comprehension.,Unit placement and common-system geometry must be authenticated before final lock. Caption-safe lower 15% required.,PLANNED — ASSET NOT YET CLEARED
SAT-B035,00:05:56.641,00:06:02.971,6.33,ACT III — financing split and collapse,"The tower was the most visible piece, but it was only the heat-rejection end of the plant.",ARCHIVE_PHOTO,Authenticated period construction photograph/film tied to the correct Satsop unit and date; use documents/GFX if rights remain unclear.,HISTORICAL SOURCE only while verified archive is actually visible,"Hard cut; static or ≤3% restrained crop; alternate scale, labor, structure, and site views.",None beyond captions unless a number/date named in narration materially improves comprehension.,Do not misidentify Unit Three/Five or reuse one image as fake visual progression. Caption-safe lower 15% required.,PLANNED — ASSET NOT YET CLEARED
SAT-B036,00:06:02.971,00:06:15.631,12.66,ACT III — financing split and collapse,"In operation, reactor heat would produce steam, the steam would spin a turbine generator, and the cooling system would remove waste heat so water could circulate again.",TECH_GFX,Source-grounded simplified plant/system diagram showing only the components named in narration.,DOCUMENT if a verified drawing is visible; otherwise no historical label,Component-by-component reveal; no decorative gauges or invented engineering detail.,None beyond captions unless a number/date named in narration materially improves comprehension.,"Do not depict either Satsop unit as fueled, operating, or completed. Caption-safe lower 15% required.",PLANNED — ASSET NOT YET CLEARED
SAT-B037,00:06:15.631,00:06:24.961,9.33,ACT III — financing split and collapse,"At Satsop, that chain was never completed and never entered service. Project Five hit its financing wall first.",MAP_GFX,"Original HIA map/site-plan GFX grounded in official geography and unit layout; distinguish Project Three, Project Five, Hanford, and shared infrastructure.",No historical label; cite map/data sources,"Clean map trace or plan reveal; static labels, restrained camera, no fake satellite UI.",Use one restrained factual overlay for the named number/date; remove it before the next unrelated claim.,Unit placement and common-system geometry must be authenticated before final lock. Caption-safe lower 15% required.,PLANNED — ASSET NOT YET CLEARED
SAT-B038,00:06:24.961,00:06:36.411,11.45,ACT III — financing split and collapse,Project Three had enough support to enter a different state: neither advancing nor dead. Construction on Project Three was suspended in July 1983.,DOCUMENT,"Authenticated government/owner record page or dated period source tied to the stated event; highlight only the cited date, decision, or figure.",DOCUMENT,"Hard cut into a restrained page crop; one highlight/reveal, no generic document carousel.",Use one restrained factual overlay for the named number/date; remove it before the next unrelated claim.,"Verify page, agency, date, and embedded third-party rights before edit. Caption-safe lower 15% required.",PLANNED — ASSET NOT YET CLEARED
SAT-B039,00:06:36.411,00:06:48.221,11.81,ACT III — financing split and collapse,Suspended did not mean terminated. Buildings and installed systems were protected. Equipment and construction materials retained possible value.,ARCHIVE_PHOTO,Authenticated period construction photograph/film tied to the correct Satsop unit and date; use documents/GFX if rights remain unclear.,HISTORICAL SOURCE only while verified archive is actually visible,"Hard cut; static or ≤3% restrained crop; alternate scale, labor, structure, and site views.",None beyond captions unless a number/date named in narration materially improves comprehension.,Do not misidentify Unit Three/Five or reuse one image as fake visual progression. Caption-safe lower 15% required.,PLANNED — ASSET NOT YET CLEARED
SAT-B040,00:06:48.221,00:06:56.801,8.58,ACT III — financing split and collapse,The option to finish the project remained open. Preservation bought time. It also cost money.,DOCUMENT_GFX,"Relevant official-source excerpt, restrained typographic pull-quote, or factual HIA diagram that makes the clause visually specific.",DOCUMENT only for the verified source page; otherwise no historical label,One purposeful reveal or hard cut; avoid generic cards and wallpaper text.,None beyond captions unless a number/date named in narration materially improves comprehension.,Every visible number and label must remain traceable to the claim-source map. Caption-safe lower 15% required.,PLANNED — ASSET NOT YET CLEARED
SAT-B041,00:06:56.801,00:07:07.941,11.14,ACT III — financing split and collapse,Every year changed the calculation. Equipment aged. Current regulatory requirements moved. Alternative generating technology improved.,CURRENT_FOOTAGE,"Cleared present-day Satsop exterior/interior footage or stills showing scale, empty infrastructure, and active reuse without implying total abandonment.",No HISTORICAL SOURCE label; retain creator/license attribution,"Hard cuts among distinct viewpoints; stable footage or restrained static reframe, never repeated oscillating zooms.",Use one restrained factual overlay for the named number/date; remove it before the next unrelated claim.,Port material requires permission; restricted structures and active tenants must be represented accurately. Caption-safe lower 15% required.,PLANNED — ASSET NOT YET CLEARED
SAT-B042,00:07:07.941,00:07:16.081,8.14,ACT III — financing split and collapse,The region's demand forecasts changed. The site therefore required work without producing electricity.,MAP_GFX,"Original HIA map/site-plan GFX grounded in official geography and unit layout; distinguish Project Three, Project Five, Hanford, and shared infrastructure.",No historical label; cite map/data sources,"Clean map trace or plan reveal; static labels, restrained camera, no fake satellite UI.",None beyond captions unless a number/date named in narration materially improves comprehension.,Unit placement and common-system geometry must be authenticated before final lock. Caption-safe lower 15% required.,PLANNED — ASSET NOT YET CLEARED
SAT-B043,00:07:16.081,00:07:30.786,14.705,ACT III — financing split and collapse,Preservation meant inspecting what had been built and protecting material that might still be used. It also meant maintaining the option to restart and studying whether that option remained valuable.,ARCHIVE_PHOTO,Authenticated period construction photograph/film tied to the correct Satsop unit and date; use documents/GFX if rights remain unclear.,HISTORICAL SOURCE only while verified archive is actually visible,"Hard cut; static or ≤3% restrained crop; alternate scale, labor, structure, and site views.",None beyond captions unless a number/date named in narration materially improves comprehension.,Do not misidentify Unit Three/Five or reuse one image as fake visual progression. Caption-safe lower 15% required.,PLANNED — ASSET NOT YET CLEARED
SAT-B044,00:07:30.786,00:07:40.261,9.475,ACT III — financing split and collapse,"The longer preservation continued, the more the project faced a paradox. Keeping the option alive required spending money.",DOCUMENT_GFX,"Relevant official-source excerpt, restrained typographic pull-quote, or factual HIA diagram that makes the clause visually specific.",DOCUMENT only for the verified source page; otherwise no historical label,One purposeful reveal or hard cut; avoid generic cards and wallpaper text.,None beyond captions unless a number/date named in narration materially improves comprehension.,Every visible number and label must remain traceable to the claim-source map. Caption-safe lower 15% required.,PLANNED — ASSET NOT YET CLEARED
SAT-B045,00:07:40.261,00:07:54.011,13.75,ACT III — financing split and collapse,"But spending money to preserve an option did not prove that exercising the option would make sense. By 1994, Bonneville described the Project Three project as seventy-four percent physically complete.",DOCUMENT,"Authenticated government/owner record page or dated period source tied to the stated event; highlight only the cited date, decision, or figure.",DOCUMENT,"Hard cut into a restrained page crop; one highlight/reveal, no generic document carousel.",Use one restrained factual overlay for the named number/date; remove it before the next unrelated claim.,"Verify page, agency, date, and embedded third-party rights before edit. Caption-safe lower 15% required.",PLANNED — ASSET NOT YET CLEARED
SAT-B046,00:07:54.011,00:08:04.071,10.06,ACT III — financing split and collapse,"Approximately two point six billion dollars had been invested, measured in 1993 dollars and including the investor-owned utilities' share.",DOCUMENT,"Authenticated government/owner record page or dated period source tied to the stated event; highlight only the cited date, decision, or figure.",DOCUMENT,"Hard cut into a restrained page crop; one highlight/reveal, no generic document carousel.",Use one restrained factual overlay for the named number/date; remove it before the next unrelated claim.,"Verify page, agency, date, and embedded third-party rights before edit. Caption-safe lower 15% required.",PLANNED — ASSET NOT YET CLEARED
SAT-B047,00:08:04.071,00:08:14.951,10.88,ACT III — financing split and collapse,"The cooling tower stood almost five hundred feet high. The reactor and turbine buildings existed. From the road, the project could look close to finished.",TECH_GFX,Source-grounded simplified plant/system diagram showing only the components named in narration.,DOCUMENT if a verified drawing is visible; otherwise no historical label,Component-by-component reveal; no decorative gauges or invented engineering detail.,None beyond captions unless a number/date named in narration materially improves comprehension.,"Do not depict either Satsop unit as fueled, operating, or completed. Caption-safe lower 15% required.",PLANNED — ASSET NOT YET CLEARED
SAT-B048,00:08:14.951,00:08:26.231,11.28,ACT III — financing split and collapse,But completion is not measured by how much concrete is visible. It is measured by what still has to be spent and how long that money remains at risk.,ARCHIVE_PHOTO,Authenticated period construction photograph/film tied to the correct Satsop unit and date; use documents/GFX if rights remain unclear.,HISTORICAL SOURCE only while verified archive is actually visible,"Hard cut; static or ≤3% restrained crop; alternate scale, labor, structure, and site views.",None beyond captions unless a number/date named in narration materially improves comprehension.,Do not misidentify Unit Three/Five or reuse one image as fake visual progression. Caption-safe lower 15% required.,PLANNED — ASSET NOT YET CLEARED
SAT-B049,00:08:26.231,00:08:42.631,16.4,ACT III — financing split and collapse,"Most of all, it is measured by whether the electricity will be needed when the plant finally opens. In June 1993, Bonneville began another study of whether Project Three should remain preserved for nuclear completion.",DOCUMENT,"Authenticated government/owner record page or dated period source tied to the stated event; highlight only the cited date, decision, or figure.",DOCUMENT,"Hard cut into a restrained page crop; one highlight/reveal, no generic document carousel.",Use one restrained factual overlay for the named number/date; remove it before the next unrelated claim.,"Verify page, agency, date, and embedded third-party rights before edit. Caption-safe lower 15% required.",PLANNED — ASSET NOT YET CLEARED
SAT-B050,00:08:42.631,00:08:52.911,10.28,ACT III — financing split and collapse,The conclusions went before the Supply System's Executive Board in November 1993 and its Board of Directors in January 1994.,DOCUMENT,"Authenticated government/owner record page or dated period source tied to the stated event; highlight only the cited date, decision, or figure.",DOCUMENT,"Hard cut into a restrained page crop; one highlight/reveal, no generic document carousel.",Use one restrained factual overlay for the named number/date; remove it before the next unrelated claim.,"Verify page, agency, date, and embedded third-party rights before edit. Caption-safe lower 15% required.",PLANNED — ASSET NOT YET CLEARED
SAT-B051,00:08:52.911,00:09:01.271,8.36,ACT III — financing split and collapse,The analysis asked four practical questions. Would completion damage Bonneville's competitiveness?,GFX,"Four-question decision framework: competitiveness, need, alternatives, and risk, revealed one at a time from the sourced Bonneville analysis.",No historical label; cite the Bonneville source,"Four restrained branches enter sequentially, then hold as a complete decision frame.",None beyond captions unless a number/date named in narration materially improves comprehension.,Keep wording faithful to the source and narration. Caption-safe lower 15% required.,PLANNED — ASSET NOT YET CLEARED
SAT-B052,00:09:01.271,00:09:11.891,10.62,ACT III — financing split and collapse,Did the region need the power? How did Project Three compare with available alternatives? And what risks came with each choice?,DOCUMENT_GFX,"Relevant official-source excerpt, restrained typographic pull-quote, or factual HIA diagram that makes the clause visually specific.",DOCUMENT only for the verified source page; otherwise no historical label,One purposeful reveal or hard cut; avoid generic cards and wallpaper text.,Use one restrained factual overlay for the named number/date; remove it before the next unrelated claim.,Every visible number and label must remain traceable to the claim-source map. Caption-safe lower 15% required.,PLANNED — ASSET NOT YET CLEARED
SAT-B053,00:09:11.891,00:09:28.091,16.2,ACT III — financing split and collapse,This is the human-scale center of the story. The project was no longer an abstract monument. Its remaining cost would flow through institutions to utilities and eventually to the people paying for electricity across the region.,CURRENT_BROLL,Cleared contemporary regional utility/customer imagery that connects wholesale decisions to ordinary ratepayers without implying a specific person's testimony.,No historical label; retain stock/creator attribution,"Two purposeful human-scale cuts; natural movement, no staged reaction close-up.",None beyond captions unless a number/date named in narration materially improves comprehension.,"Treat as illustrative present-day B-roll, not evidence of a named historical customer. Caption-safe lower 15% required.",PLANNED — ASSET NOT YET CLEARED
SAT-B054,00:09:28.091,00:09:40.211,12.12,ACT III — financing split and collapse,"Bonneville was already under pressure to control its rates. Its customers were considering other sources of power, and some indicated that they might pay a premium for greater independence.",DOCUMENT,"Bonneville source excerpt documenting competitiveness/rate pressure, paired with a restrained regional power-context background.",DOCUMENT while verified page is visible,"Static source crop with one highlighted clause, then hard cut away.",None beyond captions unless a number/date named in narration materially improves comprehension.,Do not generalize beyond the cited customer and rate context. Caption-safe lower 15% required.,PLANNED — ASSET NOT YET CLEARED
SAT-B055,00:09:40.211,00:09:48.871,8.66,ACT IV — preservation and the completion question,Completing Project Three could push Bonneville's costs upward at the same moment its customers were gaining alternatives.,GFX,"Minimal cost-pressure graphic: completion commitment rising while customer alternatives open, with no invented price series.",No historical label; cite source logic in manifest,Opposing directional lines timed to the two clauses; no dashboard UI.,Use one restrained factual overlay for the named number/date; remove it before the next unrelated claim.,Conceptual relationship only; do not fabricate quantitative axes. Caption-safe lower 15% required.,PLANNED — ASSET NOT YET CLEARED
SAT-B056,00:09:48.871,00:09:56.851,7.98,ACT IV — preservation and the completion question,That is how a decision inside a federal power agency reaches a household or a small business.,CURRENT_BROLL,Cleared contemporary regional utility/customer imagery that connects wholesale decisions to ordinary ratepayers without implying a specific person's testimony.,No historical label; retain stock/creator attribution,"Two purposeful human-scale cuts; natural movement, no staged reaction close-up.",None beyond captions unless a number/date named in narration materially improves comprehension.,"Treat as illustrative present-day B-roll, not evidence of a named historical customer. Caption-safe lower 15% required.",PLANNED — ASSET NOT YET CLEARED
SAT-B057,00:09:56.851,00:10:04.771,7.92,ACT IV — preservation and the completion question,Not as a cooling tower. As a rate. The past two point six billion dollars could not answer those questions.,GFX,"Source-grounded finance-flow or comparison graphic using the exact parties, percentages, and dollar basis stated in narration.",No historical label; cite source data in asset manifest,Remotion line/shape reveal keyed to spoken clauses; one comparison at a time.,Use one restrained factual overlay for the named number/date; remove it before the next unrelated claim.,Do not imply nominal-dollar equivalence or merge Project Three and Project Five financing. Caption-safe lower 15% required.,PLANNED — ASSET NOT YET CLEARED
SAT-B058,00:10:04.771,00:10:20.911,16.14,ACT IV — preservation and the completion question,That money was already gone. Only the next commitment could still be changed. Bonneville compared Project Three with natural-gas combined-cycle generation — plants using gas and steam turbines together.,TECH_GFX,Source-grounded simplified plant/system diagram showing only the components named in narration.,DOCUMENT if a verified drawing is visible; otherwise no historical label,Component-by-component reveal; no decorative gauges or invented engineering detail.,Use one restrained factual overlay for the named number/date; remove it before the next unrelated claim.,"Do not depict either Satsop unit as fueled, operating, or completed. Caption-safe lower 15% required.",PLANNED — ASSET NOT YET CLEARED
SAT-B059,00:10:20.911,00:10:32.011,11.1,ACT IV — preservation and the completion question,The 1994 exhibits modeled Project Three at twelve hundred and forty megawatts. The combined-cycle reference was two hundred and forty megawatts.,DOCUMENT,"Authenticated government/owner record page or dated period source tied to the stated event; highlight only the cited date, decision, or figure.",DOCUMENT,"Hard cut into a restrained page crop; one highlight/reveal, no generic document carousel.",Use one restrained factual overlay for the named number/date; remove it before the next unrelated claim.,"Verify page, agency, date, and embedded third-party rights before edit. Caption-safe lower 15% required.",PLANNED — ASSET NOT YET CLEARED
SAT-B060,00:10:32.011,00:10:44.351,12.34,ACT IV — preservation and the completion question,"That difference mattered. Combined-cycle resources could be built in smaller increments, letting Bonneville match new supply more closely to actual load growth.",ARCHIVE_PHOTO,Authenticated period construction photograph/film tied to the correct Satsop unit and date; use documents/GFX if rights remain unclear.,HISTORICAL SOURCE only while verified archive is actually visible,"Hard cut; static or ≤3% restrained crop; alternate scale, labor, structure, and site views.",None beyond captions unless a number/date named in narration materially improves comprehension.,Do not misidentify Unit Three/Five or reuse one image as fake visual progression. Caption-safe lower 15% required.,PLANNED — ASSET NOT YET CLEARED
SAT-B061,00:10:44.351,00:10:57.551,13.2,ACT IV — preservation and the completion question,"Bonneville's assumptions also gave the combined-cycle alternative a shorter construction lead time: three years, compared with five years for restarting and completing Project Three.",ARCHIVE_PHOTO,Authenticated period construction photograph/film tied to the correct Satsop unit and date; use documents/GFX if rights remain unclear.,HISTORICAL SOURCE only while verified archive is actually visible,"Hard cut; static or ≤3% restrained crop; alternate scale, labor, structure, and site views.",Use one restrained factual overlay for the named number/date; remove it before the next unrelated claim.,Do not misidentify Unit Three/Five or reuse one image as fake visual progression. Caption-safe lower 15% required.,PLANNED — ASSET NOT YET CLEARED
SAT-B062,00:10:57.551,00:11:10.851,13.3,ACT IV — preservation and the completion question,The comparison was not one giant replacement plant against one giant nuclear plant. Bonneville could add combined-cycle capacity in smaller units as demand appeared.,DOCUMENT_GFX,"Relevant official-source excerpt, restrained typographic pull-quote, or factual HIA diagram that makes the clause visually specific.",DOCUMENT only for the verified source page; otherwise no historical label,One purposeful reveal or hard cut; avoid generic cards and wallpaper text.,None beyond captions unless a number/date named in narration materially improves comprehension.,Every visible number and label must remain traceable to the claim-source map. Caption-safe lower 15% required.,PLANNED — ASSET NOT YET CLEARED
SAT-B063,00:11:10.851,00:11:21.331,10.48,ACT IV — preservation and the completion question,The agency could shape and dispatch that output more flexibly around a hydroelectric system whose generation changed with water conditions.,MAP_GFX,Regional hydro-system/load-shaping map showing variable water-driven generation and modular combined-cycle additions without inventing plant locations.,No historical label; cite system/load sources,Water-generation band changes while modular supply blocks enter; restrained and explanatory.,None beyond captions unless a number/date named in narration materially improves comprehension.,Do not imply exact dispatch quantities beyond the cited comparison. Caption-safe lower 15% required.,PLANNED — ASSET NOT YET CLEARED
SAT-B064,00:11:21.331,00:11:29.291,7.96,ACT IV — preservation and the completion question,More of a combined-cycle plant's costs were variable and avoidable when it was not producing power.,GFX,Fixed-versus-variable cost graphic showing why non-producing combined-cycle capacity avoided more cost than Project Three.,No historical label; cite Bonneville comparison,Two cost stacks separate into avoidable and continuing portions.,None beyond captions unless a number/date named in narration materially improves comprehension.,Conceptual proportions only unless exact values are sourced. Caption-safe lower 15% required.,PLANNED — ASSET NOT YET CLEARED
SAT-B065,00:11:29.291,00:11:36.939,7.648,ACT IV — preservation and the completion question,Project Three carried a larger share of fixed costs that Bonneville would owe regardless of production.,GFX,"Source-grounded finance-flow or comparison graphic using the exact parties, percentages, and dollar basis stated in narration.",No historical label; cite source data in asset manifest,Remotion line/shape reveal keyed to spoken clauses; one comparison at a time.,Use one restrained factual overlay for the named number/date; remove it before the next unrelated claim.,Do not imply nominal-dollar equivalence or merge Project Three and Project Five financing. Caption-safe lower 15% required.,PLANNED — ASSET NOT YET CLEARED
SAT-B066,00:11:36.939,00:11:46.198,9.259,ACT IV — preservation and the completion question,"The gas option had risks, including fuel prices and possible carbon costs. Bonneville recorded those too.",DOCUMENT_GFX,"Relevant official-source excerpt, restrained typographic pull-quote, or factual HIA diagram that makes the clause visually specific.",DOCUMENT only for the verified source page; otherwise no historical label,One purposeful reveal or hard cut; avoid generic cards and wallpaper text.,None beyond captions unless a number/date named in narration materially improves comprehension.,Every visible number and label must remain traceable to the claim-source map. Caption-safe lower 15% required.,PLANNED — ASSET NOT YET CLEARED
SAT-B067,00:11:46.198,00:11:57.468,11.27,ACT IV — preservation and the completion question,This matters because the 1994 decision was not a claim that combined-cycle power was risk-free or that nuclear generation had no advantages.,DOCUMENT,"Authenticated government/owner record page or dated period source tied to the stated event; highlight only the cited date, decision, or figure.",DOCUMENT,"Hard cut into a restrained page crop; one highlight/reveal, no generic document carousel.",Use one restrained factual overlay for the named number/date; remove it before the next unrelated claim.,"Verify page, agency, date, and embedded third-party rights before edit. Caption-safe lower 15% required.",PLANNED — ASSET NOT YET CLEARED
SAT-B068,00:11:57.468,00:12:06.998,9.53,ACT IV — preservation and the completion question,It was a comparison of which risks Bonneville was willing and able to carry. But it offered something Project Three could not.,DOCUMENT_GFX,"Relevant official-source excerpt, restrained typographic pull-quote, or factual HIA diagram that makes the clause visually specific.",DOCUMENT only for the verified source page; otherwise no historical label,One purposeful reveal or hard cut; avoid generic cards and wallpaper text.,Use one restrained factual overlay for the named number/date; remove it before the next unrelated claim.,Every visible number and label must remain traceable to the claim-source map. Caption-safe lower 15% required.,PLANNED — ASSET NOT YET CLEARED
SAT-B069,00:12:06.998,00:12:19.158,12.16,ACT IV — preservation and the completion question,"Flexibility. An earlier study put the base estimate to complete Project Three at another one point five five billion dollars, in 1993 dollars.",DOCUMENT,"Authenticated government/owner record page or dated period source tied to the stated event; highlight only the cited date, decision, or figure.",DOCUMENT,"Hard cut into a restrained page crop; one highlight/reveal, no generic document carousel.",Use one restrained factual overlay for the named number/date; remove it before the next unrelated claim.,"Verify page, agency, date, and embedded third-party rights before edit. Caption-safe lower 15% required.",PLANNED — ASSET NOT YET CLEARED
SAT-B070,00:12:19.158,00:12:28.418,9.26,ACT IV — preservation and the completion question,Bonneville also tested lower and higher cases. Combined cycle was cheaper than the base and high Project Three cases.,DOCUMENT_GFX,"Relevant official-source excerpt, restrained typographic pull-quote, or factual HIA diagram that makes the clause visually specific.",DOCUMENT only for the verified source page; otherwise no historical label,One purposeful reveal or hard cut; avoid generic cards and wallpaper text.,Use one restrained factual overlay for the named number/date; remove it before the next unrelated claim.,Every visible number and label must remain traceable to the claim-source map. Caption-safe lower 15% required.,PLANNED — ASSET NOT YET CLEARED
SAT-B071,00:12:28.418,00:12:38.288,9.87,ACT IV — preservation and the completion question,"In the low-cost case, Project Three became comparable over its operating life. But comparable lifetime cost was not enough.",DOCUMENT_GFX,"Relevant official-source excerpt, restrained typographic pull-quote, or factual HIA diagram that makes the clause visually specific.",DOCUMENT only for the verified source page; otherwise no historical label,One purposeful reveal or hard cut; avoid generic cards and wallpaper text.,Use one restrained factual overlay for the named number/date; remove it before the next unrelated claim.,Every visible number and label must remain traceable to the claim-source map. Caption-safe lower 15% required.,PLANNED — ASSET NOT YET CLEARED
SAT-B072,00:12:38.288,00:12:49.158,10.87,ACT V — Bonneville's risk decision,"In Bonneville's base case, completing Project Three exposed the agency to nearly three times as much capital at risk as the combined-cycle alternative.",GFX,"Source-grounded finance-flow or comparison graphic using the exact parties, percentages, and dollar basis stated in narration.",No historical label; cite source data in asset manifest,Remotion line/shape reveal keyed to spoken clauses; one comparison at a time.,Use one restrained factual overlay for the named number/date; remove it before the next unrelated claim.,Do not imply nominal-dollar equivalence or merge Project Three and Project Five financing. Caption-safe lower 15% required.,PLANNED — ASSET NOT YET CLEARED
SAT-B073,00:12:49.158,00:13:00.978,11.82,ACT V — Bonneville's risk decision,This comparison measured what would be lost if the resources were terminated early. Even the low Project Three case carried double the capital at risk.,GFX,"Source-grounded finance-flow or comparison graphic using the exact parties, percentages, and dollar basis stated in narration.",No historical label; cite source data in asset manifest,Remotion line/shape reveal keyed to spoken clauses; one comparison at a time.,Use one restrained factual overlay for the named number/date; remove it before the next unrelated claim.,Do not imply nominal-dollar equivalence or merge Project Three and Project Five financing. Caption-safe lower 15% required.,PLANNED — ASSET NOT YET CLEARED
SAT-B074,00:13:00.978,00:13:17.108,16.13,ACT V — Bonneville's risk decision,Then came the need question. Bonneville projected that Project Three's full twelve hundred and forty-megawatt output would create about six hundred average megawatts of surplus power even under its high-load forecast.,TECH_GFX,Source-grounded simplified plant/system diagram showing only the components named in narration.,DOCUMENT if a verified drawing is visible; otherwise no historical label,Component-by-component reveal; no decorative gauges or invented engineering detail.,Use one restrained factual overlay for the named number/date; remove it before the next unrelated claim.,"Do not depict either Satsop unit as fueled, operating, or completed. Caption-safe lower 15% required.",PLANNED — ASSET NOT YET CLEARED
SAT-B075,00:13:17.108,00:13:27.618,10.51,ACT V — Bonneville's risk decision,"If all that surplus could be sold at Bonneville's Priority Firm rate, the agency still estimated a deficit of roughly two hundred million dollars per year.",GFX,"Source-grounded finance-flow or comparison graphic using the exact parties, percentages, and dollar basis stated in narration.",No historical label; cite source data in asset manifest,Remotion line/shape reveal keyed to spoken clauses; one comparison at a time.,Use one restrained factual overlay for the named number/date; remove it before the next unrelated claim.,Do not imply nominal-dollar equivalence or merge Project Three and Project Five financing. Caption-safe lower 15% required.,PLANNED — ASSET NOT YET CLEARED
SAT-B076,00:13:27.618,00:13:40.418,12.8,ACT V — Bonneville's risk decision,The project could work technically and still fail economically. It could generate every megawatt promised and create a financial problem because too much capacity arrived at once.,DOCUMENT_GFX,"Relevant official-source excerpt, restrained typographic pull-quote, or factual HIA diagram that makes the clause visually specific.",DOCUMENT only for the verified source page; otherwise no historical label,One purposeful reveal or hard cut; avoid generic cards and wallpaper text.,Use one restrained factual overlay for the named number/date; remove it before the next unrelated claim.,Every visible number and label must remain traceable to the claim-source map. Caption-safe lower 15% required.,PLANNED — ASSET NOT YET CLEARED
SAT-B077,00:13:40.418,00:13:48.148,7.73,ACT V — Bonneville's risk decision,That is what the cooling towers conceal. Megaprojects are usually judged by whether engineers can finish them.,ARCHIVE_PHOTO,Authenticated period construction photograph/film tied to the correct Satsop unit and date; use documents/GFX if rights remain unclear.,HISTORICAL SOURCE only while verified archive is actually visible,"Hard cut; static or ≤3% restrained crop; alternate scale, labor, structure, and site views.",None beyond captions unless a number/date named in narration materially improves comprehension.,Do not misidentify Unit Three/Five or reuse one image as fake visual progression. Caption-safe lower 15% required.,PLANNED — ASSET NOT YET CLEARED
SAT-B078,00:13:48.148,00:13:57.138,8.99,ACT V — Bonneville's risk decision,Project Three also had to survive a second test: whether the system around it could use and pay for what it produced.,DOCUMENT_GFX,"Relevant official-source excerpt, restrained typographic pull-quote, or factual HIA diagram that makes the clause visually specific.",DOCUMENT only for the verified source page; otherwise no historical label,One purposeful reveal or hard cut; avoid generic cards and wallpaper text.,Use one restrained factual overlay for the named number/date; remove it before the next unrelated claim.,Every visible number and label must remain traceable to the claim-source map. Caption-safe lower 15% required.,PLANNED — ASSET NOT YET CLEARED
SAT-B079,00:13:57.138,00:14:06.888,9.75,ACT V — Bonneville's risk decision,This was the answer hidden behind the seventy-four-percent number. The project was mostly built. The region did not need all of its power.,ARCHIVE_PHOTO,Authenticated period construction photograph/film tied to the correct Satsop unit and date; use documents/GFX if rights remain unclear.,HISTORICAL SOURCE only while verified archive is actually visible,"Hard cut; static or ≤3% restrained crop; alternate scale, labor, structure, and site views.",Use one restrained factual overlay for the named number/date; remove it before the next unrelated claim.,Do not misidentify Unit Three/Five or reuse one image as fake visual progression. Caption-safe lower 15% required.,PLANNED — ASSET NOT YET CLEARED
SAT-B080,00:14:06.888,00:14:15.808,8.92,ACT V — Bonneville's risk decision,And finishing it would concentrate far more capital in one decision than the alternative. Project Three still had real advantages.,DOCUMENT_GFX,"Relevant official-source excerpt, restrained typographic pull-quote, or factual HIA diagram that makes the clause visually specific.",DOCUMENT only for the verified source page; otherwise no historical label,One purposeful reveal or hard cut; avoid generic cards and wallpaper text.,Use one restrained factual overlay for the named number/date; remove it before the next unrelated claim.,Every visible number and label must remain traceable to the claim-source map. Caption-safe lower 15% required.,PLANNED — ASSET NOT YET CLEARED
SAT-B081,00:14:15.808,00:14:26.688,10.88,ACT V — Bonneville's risk decision,Much of it existed. Major siting permits were in place. Nuclear generation would not face combustion limits on carbon dioxide or sulfur dioxide.,DOCUMENT,Verified siting/permit record paired with an authenticated construction-state image; show existing advantages without implying readiness to operate.,DOCUMENT for the record; HISTORICAL SOURCE only for authenticated period image,Hard cut from permit excerpt to one period structural detail.,None beyond captions unless a number/date named in narration materially improves comprehension.,Existing permits and structures must not be framed as proof the plant was operationally complete. Caption-safe lower 15% required.,PLANNED — ASSET NOT YET CLEARED
SAT-B082,00:14:26.688,00:14:42.928,16.24,ACT V — Bonneville's risk decision,"Bonneville acknowledged those points. It also listed uncertainty in completion cost, upgrades after years of preservation, operating performance, maintenance, waste, decommissioning, regulation, and public opposition.",GFX,"Source-grounded risk field grouping completion, upgrades, operations, maintenance, waste, decommissioning, regulation, and opposition.",No historical label; cite Bonneville source,"Risks enter in three semantic groups, then resolve to one cumulative field.",Use one restrained factual overlay for the named number/date; remove it before the next unrelated claim.,Do not assign invented weights or probabilities. Caption-safe lower 15% required.,PLANNED — ASSET NOT YET CLEARED
SAT-B083,00:14:42.928,00:14:57.088,14.16,ACT V — Bonneville's risk decision,Bonneville examined other possibilities. It considered repowering Project Three as a gas-fired combined-cycle plant and found no clear economic advantage over building a new one.,TECH_GFX,"Conceptual site/system comparison between repowering the existing site and a new combined-cycle plant, limited to options actually examined.",CONCEPT,Simple side-by-side system blocks; no photoreal unbuilt plant.,Use one restrained factual overlay for the named number/date; remove it before the next unrelated claim.,Do not imply the repowering concept was selected or engineered for construction. Caption-safe lower 15% required.,PLANNED — ASSET NOT YET CLEARED
SAT-B084,00:14:57.088,00:15:10.628,13.54,ACT V — Bonneville's risk decision,It considered whether a third party might use the site. None of those possibilities justified Bonneville continuing to finance preservation for nuclear completion under the existing agreements.,MAP_GFX,"Original HIA map/site-plan GFX grounded in official geography and unit layout; distinguish Project Three, Project Five, Hanford, and shared infrastructure.",No historical label; cite map/data sources,"Clean map trace or plan reveal; static labels, restrained camera, no fake satellite UI.",None beyond captions unless a number/date named in narration materially improves comprehension.,Unit placement and common-system geometry must be authenticated before final lock. Caption-safe lower 15% required.,PLANNED — ASSET NOT YET CLEARED
SAT-B085,00:15:10.628,00:15:26.368,15.74,ACT V — Bonneville's risk decision,"In May 1994, the Bonneville administrator made the final determination. Neither continued preservation nor completion under the existing agreements was in the best interest of Bonneville and the region's ratepayers.",DOCUMENT,"Authenticated government/owner record page or dated period source tied to the stated event; highlight only the cited date, decision, or figure.",DOCUMENT,"Hard cut into a restrained page crop; one highlight/reveal, no generic document carousel.",Use one restrained factual overlay for the named number/date; remove it before the next unrelated claim.,"Verify page, agency, date, and embedded third-party rights before edit. Caption-safe lower 15% required.",PLANNED — ASSET NOT YET CLEARED
SAT-B086,00:15:26.368,00:15:35.248,8.88,ACT V — Bonneville's risk decision,Project Three was terminated in June. Not because seventy-four percent had disappeared. Because seventy-four percent described the past.,ARCHIVE_PHOTO,Authenticated period construction photograph/film tied to the correct Satsop unit and date; use documents/GFX if rights remain unclear.,HISTORICAL SOURCE only while verified archive is actually visible,"Hard cut; static or ≤3% restrained crop; alternate scale, labor, structure, and site views.",Use one restrained factual overlay for the named number/date; remove it before the next unrelated claim.,Do not misidentify Unit Three/Five or reuse one image as fake visual progression. Caption-safe lower 15% required.,PLANNED — ASSET NOT YET CLEARED
SAT-B087,00:15:35.248,00:15:43.608,8.36,ACT V — Bonneville's risk decision,The decision had to describe the future. A megaproject does not end on a single date.,DOCUMENT_GFX,"Relevant official-source excerpt, restrained typographic pull-quote, or factual HIA diagram that makes the clause visually specific.",DOCUMENT only for the verified source page; otherwise no historical label,One purposeful reveal or hard cut; avoid generic cards and wallpaper text.,None beyond captions unless a number/date named in narration materially improves comprehension.,Every visible number and label must remain traceable to the claim-source map. Caption-safe lower 15% required.,PLANNED — ASSET NOT YET CLEARED
SAT-B088,00:15:43.608,00:15:54.888,11.28,ACT V — Bonneville's risk decision,Project Five was terminated in 1982. The Project Four and Five bonds defaulted in 1983. Project Three construction stopped in 1983.,DOCUMENT,"Authenticated government/owner record page or dated period source tied to the stated event; highlight only the cited date, decision, or figure.",DOCUMENT,"Hard cut into a restrained page crop; one highlight/reveal, no generic document carousel.",Use one restrained factual overlay for the named number/date; remove it before the next unrelated claim.,"Verify page, agency, date, and embedded third-party rights before edit. Caption-safe lower 15% required.",PLANNED — ASSET NOT YET CLEARED
SAT-B089,00:15:54.888,00:16:05.468,10.58,ACT V — Bonneville's risk decision,Its completion option ended in 1994. The Nuclear Regulatory Commission revoked its construction permit in January 1999.,DOCUMENT,"Authenticated government/owner record page or dated period source tied to the stated event; highlight only the cited date, decision, or figure.",DOCUMENT,"Hard cut into a restrained page crop; one highlight/reveal, no generic document carousel.",Use one restrained factual overlay for the named number/date; remove it before the next unrelated claim.,"Verify page, agency, date, and embedded third-party rights before edit. Caption-safe lower 15% required.",PLANNED — ASSET NOT YET CLEARED
SAT-B090,00:16:05.468,00:16:16.488,11.02,ACT V — Bonneville's risk decision,"Property, remediation, and debt moved on different schedules. The permit clock asked whether nuclear construction could legally continue.",ARCHIVE_PHOTO,Authenticated period construction photograph/film tied to the correct Satsop unit and date; use documents/GFX if rights remain unclear.,HISTORICAL SOURCE only while verified archive is actually visible,"Hard cut; static or ≤3% restrained crop; alternate scale, labor, structure, and site views.",None beyond captions unless a number/date named in narration materially improves comprehension.,Do not misidentify Unit Three/Five or reuse one image as fake visual progression. Caption-safe lower 15% required.,PLANNED — ASSET NOT YET CLEARED
SAT-B091,00:16:16.488,00:16:26.208,9.72,ACT V — Bonneville's risk decision,The property clock asked who would own and maintain the buildings. The debt clock followed financing agreements created years earlier.,DOCUMENT_GFX,"Relevant official-source excerpt, restrained typographic pull-quote, or factual HIA diagram that makes the clause visually specific.",DOCUMENT only for the verified source page; otherwise no historical label,One purposeful reveal or hard cut; avoid generic cards and wallpaper text.,Use one restrained factual overlay for the named number/date; remove it before the next unrelated claim.,Every visible number and label must remain traceable to the claim-source map. Caption-safe lower 15% required.,PLANNED — ASSET NOT YET CLEARED
SAT-B092,00:16:26.208,00:16:34.328,8.12,ACT V — Bonneville's risk decision,The redevelopment clock asked whether land and infrastructure designed for one purpose could support another.,CURRENT_FOOTAGE,"Cleared present-day Satsop exterior/interior footage or stills showing scale, empty infrastructure, and active reuse without implying total abandonment.",No HISTORICAL SOURCE label; retain creator/license attribution,"Hard cuts among distinct viewpoints; stable footage or restrained static reframe, never repeated oscillating zooms.",None beyond captions unless a number/date named in narration materially improves comprehension.,Port material requires permission; restricted structures and active tenants must be represented accurately. Caption-safe lower 15% required.,PLANNED — ASSET NOT YET CLEARED
SAT-B093,00:16:34.328,00:16:43.288,8.96,ACT V — Bonneville's risk decision,Energy Northwest — the later name of the Supply System — still carried Project Three debt-related budgeting decades after termination.,MAP_GFX,"Original HIA map/site-plan GFX grounded in official geography and unit layout; distinguish Project Three, Project Five, Hanford, and shared infrastructure.",No historical label; cite map/data sources,"Clean map trace or plan reveal; static labels, restrained camera, no fake satellite UI.",Use one restrained factual overlay for the named number/date; remove it before the next unrelated claim.,Unit placement and common-system geometry must be authenticated before final lock. Caption-safe lower 15% required.,PLANNED — ASSET NOT YET CLEARED
SAT-B094,00:16:43.288,00:16:54.088,10.8,ACT V — Bonneville's risk decision,"Its fiscal-year twenty twenty-one budget covered financing obligations and debt administration, not new construction or plant operation.",ARCHIVE_PHOTO,Authenticated period construction photograph/film tied to the correct Satsop unit and date; use documents/GFX if rights remain unclear.,HISTORICAL SOURCE only while verified archive is actually visible,"Hard cut; static or ≤3% restrained crop; alternate scale, labor, structure, and site views.",Use one restrained factual overlay for the named number/date; remove it before the next unrelated claim.,Do not misidentify Unit Three/Five or reuse one image as fake visual progression. Caption-safe lower 15% required.,PLANNED — ASSET NOT YET CLEARED
SAT-B095,00:16:54.088,00:17:02.048,7.96,ACT V — Bonneville's risk decision,Concrete is visible. Contracts are not. Both can survive the moment work stops.,ARCHIVE_PHOTO,Authenticated period construction photograph/film tied to the correct Satsop unit and date; use documents/GFX if rights remain unclear.,HISTORICAL SOURCE only while verified archive is actually visible,"Hard cut; static or ≤3% restrained crop; alternate scale, labor, structure, and site views.",None beyond captions unless a number/date named in narration materially improves comprehension.,Do not misidentify Unit Three/Five or reuse one image as fake visual progression. Caption-safe lower 15% required.,PLANNED — ASSET NOT YET CLEARED
SAT-B096,00:17:02.048,00:17:12.248,10.2,"ACT VI — transfer, reuse, and meaning","In 1995, Grays Harbor County, the Port of Grays Harbor, and the local public utility district formed the Satsop Redevelopment Project.",DOCUMENT,"Authenticated government/owner record page or dated period source tied to the stated event; highlight only the cited date, decision, or figure.",DOCUMENT,"Hard cut into a restrained page crop; one highlight/reveal, no generic document carousel.",Use one restrained factual overlay for the named number/date; remove it before the next unrelated claim.,"Verify page, agency, date, and embedded third-party rights before edit. Caption-safe lower 15% required.",PLANNED — ASSET NOT YET CLEARED
SAT-B097,00:17:12.248,00:17:19.568,7.32,"ACT VI — transfer, reuse, and meaning",Transfer of the Project Three property and facilities was completed during fiscal year 2000.,DOCUMENT,"Authenticated government/owner record page or dated period source tied to the stated event; highlight only the cited date, decision, or figure.",DOCUMENT,"Hard cut into a restrained page crop; one highlight/reveal, no generic document carousel.",Use one restrained factual overlay for the named number/date; remove it before the next unrelated claim.,"Verify page, agency, date, and embedded third-party rights before edit. Caption-safe lower 15% required.",PLANNED — ASSET NOT YET CLEARED
SAT-B098,00:17:19.568,00:17:31.679,12.111,"ACT VI — transfer, reuse, and meaning",The nuclear investment could not be recovered by pretending the reactor still made sense. But parts of the industrial site had value outside the original plan.,MAP_GFX,"Original HIA map/site-plan GFX grounded in official geography and unit layout; distinguish Project Three, Project Five, Hanford, and shared infrastructure.",No historical label; cite map/data sources,"Clean map trace or plan reveal; static labels, restrained camera, no fake satellite UI.",None beyond captions unless a number/date named in narration materially improves comprehension.,Unit placement and common-system geometry must be authenticated before final lock. Caption-safe lower 15% required.,PLANNED — ASSET NOT YET CLEARED
SAT-B099,00:17:31.679,00:17:40.561,8.882,"ACT VI — transfer, reuse, and meaning",Roads. Large buildings. Electrical connections. Water and wastewater systems. Transmission access.,MAP_GFX,"Original HIA map/site-plan GFX grounded in official geography and unit layout; distinguish Project Three, Project Five, Hanford, and shared infrastructure.",No historical label; cite map/data sources,"Clean map trace or plan reveal; static labels, restrained camera, no fake satellite UI.",None beyond captions unless a number/date named in narration materially improves comprehension.,Unit placement and common-system geometry must be authenticated before final lock. Caption-safe lower 15% required.,PLANNED — ASSET NOT YET CLEARED
SAT-B100,00:17:40.561,00:17:49.261,8.7,"ACT VI — transfer, reuse, and meaning","Fiber. Developed land. Those assets had been assembled for a nuclear station, but many were not inherently nuclear.",CURRENT_FOOTAGE,"Cleared present-day Satsop exterior/interior footage or stills showing scale, empty infrastructure, and active reuse without implying total abandonment.",No HISTORICAL SOURCE label; retain creator/license attribution,"Hard cuts among distinct viewpoints; stable footage or restrained static reframe, never repeated oscillating zooms.",None beyond captions unless a number/date named in narration materially improves comprehension.,Port material requires permission; restricted structures and active tenants must be represented accurately. Caption-safe lower 15% required.,PLANNED — ASSET NOT YET CLEARED
SAT-B101,00:17:49.261,00:18:04.701,15.44,"ACT VI — transfer, reuse, and meaning",A heavy industrial building can house manufacturing. A tunnel can become a controlled training environment. Electrical and water capacity can attract tenants that could never justify building the same infrastructure from scratch.,CURRENT_FOOTAGE,"Cleared present-day Satsop exterior/interior footage or stills showing scale, empty infrastructure, and active reuse without implying total abandonment.",No HISTORICAL SOURCE label; retain creator/license attribution,"Hard cuts among distinct viewpoints; stable footage or restrained static reframe, never repeated oscillating zooms.",None beyond captions unless a number/date named in narration materially improves comprehension.,Port material requires permission; restricted structures and active tenants must be represented accurately. Caption-safe lower 15% required.,PLANNED — ASSET NOT YET CLEARED
SAT-B102,00:18:04.701,00:18:15.811,11.11,"ACT VI — transfer, reuse, and meaning",Today the site operates as a community-owned business park. The former turbine building offers roughly three hundred thousand square feet of industrial space.,MAP_GFX,"Original HIA map/site-plan GFX grounded in official geography and unit layout; distinguish Project Three, Project Five, Hanford, and shared infrastructure.",No historical label; cite map/data sources,"Clean map trace or plan reveal; static labels, restrained camera, no fake satellite UI.",None beyond captions unless a number/date named in narration materially improves comprehension.,Unit placement and common-system geometry must be authenticated before final lock. Caption-safe lower 15% required.,PLANNED — ASSET NOT YET CLEARED
SAT-B103,00:18:15.811,00:18:24.691,8.88,"ACT VI — transfer, reuse, and meaning",Underground tunnels support confined-space training. Portions of the reactor building are used for rescue and other specialized exercises.,TECH_GFX,Source-grounded simplified plant/system diagram showing only the components named in narration.,DOCUMENT if a verified drawing is visible; otherwise no historical label,Component-by-component reveal; no decorative gauges or invented engineering detail.,None beyond captions unless a number/date named in narration materially improves comprehension.,"Do not depict either Satsop unit as fueled, operating, or completed. Caption-safe lower 15% required.",PLANNED — ASSET NOT YET CLEARED
SAT-B104,00:18:24.691,00:18:35.791,11.1,"ACT VI — transfer, reuse, and meaning",This reuse does not repay every nuclear-project cost. It does not turn Project Three or Project Five into successful power investments.,CURRENT_FOOTAGE,"Cleared present-day Satsop exterior/interior footage or stills showing scale, empty infrastructure, and active reuse without implying total abandonment.",No HISTORICAL SOURCE label; retain creator/license attribution,"Hard cuts among distinct viewpoints; stable footage or restrained static reframe, never repeated oscillating zooms.",Use one restrained factual overlay for the named number/date; remove it before the next unrelated claim.,Port material requires permission; restricted structures and active tenants must be represented accurately. Caption-safe lower 15% required.,PLANNED — ASSET NOT YET CLEARED
SAT-B105,00:18:35.791,00:18:46.111,10.32,"ACT VI — transfer, reuse, and meaning",Nor does it make the restricted nuclear structures public attractions. The Port warns visitors to remain on public roads and outside fenced areas.,CURRENT_FOOTAGE,"Cleared present-day Satsop exterior/interior footage or stills showing scale, empty infrastructure, and active reuse without implying total abandonment.",No HISTORICAL SOURCE label; retain creator/license attribution,"Hard cuts among distinct viewpoints; stable footage or restrained static reframe, never repeated oscillating zooms.",None beyond captions unless a number/date named in narration materially improves comprehension.,Port material requires permission; restricted structures and active tenants must be represented accurately. Caption-safe lower 15% required.,PLANNED — ASSET NOT YET CLEARED
SAT-B106,00:18:46.111,00:18:54.721,8.61,"ACT VI — transfer, reuse, and meaning","The business park is a working industrial site, not an abandoned playground. It answers a narrower question.",MAP_GFX,"Original HIA map/site-plan GFX grounded in official geography and unit layout; distinguish Project Three, Project Five, Hanford, and shared infrastructure.",No historical label; cite map/data sources,"Clean map trace or plan reveal; static labels, restrained camera, no fake satellite UI.",None beyond captions unless a number/date named in narration materially improves comprehension.,Unit placement and common-system geometry must be authenticated before final lock. Caption-safe lower 15% required.,PLANNED — ASSET NOT YET CLEARED
SAT-B107,00:18:54.721,00:19:03.501,8.78,"ACT VI — transfer, reuse, and meaning","After the original future disappears, can the infrastructure do anything useful next? At Satsop, some of it could.",MAP_GFX,"Original HIA map/site-plan GFX grounded in official geography and unit layout; distinguish Project Three, Project Five, Hanford, and shared infrastructure.",No historical label; cite map/data sources,"Clean map trace or plan reveal; static labels, restrained camera, no fake satellite UI.",None beyond captions unless a number/date named in narration materially improves comprehension.,Unit placement and common-system geometry must be authenticated before final lock. Caption-safe lower 15% required.,PLANNED — ASSET NOT YET CLEARED
SAT-B108,00:19:03.501,00:19:13.981,10.48,"ACT VI — transfer, reuse, and meaning",The towers still look like twins. Now they record two different failures. Project Five marks the point where one financing system broke.,CURRENT_FOOTAGE,"Cleared present-day Satsop exterior/interior footage or stills showing scale, empty infrastructure, and active reuse without implying total abandonment.",No HISTORICAL SOURCE label; retain creator/license attribution,"Hard cuts among distinct viewpoints; stable footage or restrained static reframe, never repeated oscillating zooms.",Use one restrained factual overlay for the named number/date; remove it before the next unrelated claim.,Port material requires permission; restricted structures and active tenants must be represented accurately. Caption-safe lower 15% required.,PLANNED — ASSET NOT YET CLEARED
SAT-B109,00:19:13.981,00:19:23.920,9.939,"ACT VI — transfer, reuse, and meaning",Project Three marks the point where sunk cost lost to future risk. The power never arrived. The infrastructure found another job.,CURRENT_FOOTAGE,"Cleared present-day Satsop exterior/interior footage or stills showing scale, empty infrastructure, and active reuse without implying total abandonment.",No HISTORICAL SOURCE label; retain creator/license attribution,"Hard cuts among distinct viewpoints; stable footage or restrained static reframe, never repeated oscillating zooms.",Use one restrained factual overlay for the named number/date; remove it before the next unrelated claim.,Port material requires permission; restricted structures and active tenants must be represented accurately. Caption-safe lower 15% required.,PLANNED — ASSET NOT YET CLEARED
