prompt_id,beat_id,start,end,duration_seconds,asset_class,prompt_grammar,required_reference_packages,reference_gate,overlay_plan,model,quality,resolution,aspect_ratio,cost_if_generated_credits,queue_status,test_grade_v1,test_grade_v2,prompt
SAT-GEN001,SAT-B002,00:00:07.420,00:00:18.360,10.94,AI_RECONSTRUCTION,CONSTRUCTION_PHASE,R02+R03,BLOCKED_UNTIL_REAL_MEDIA_IDS_ATTACHED,14% / 1982,gpt_image_2,low,1k,16:9,0.5,REWRITTEN_NOT_AUTHORIZED,CONDITIONAL,CONDITIONAL,"VISUAL PROPOSITION: Project Five at an unmistakably early phase: low foundations and sparse formwork only, one survey crew for scale; no reactor dome, cooling tower, turbine hall, or completed switchyard. ERA/STATE: 1982. Respect the exact stated era and state (1982); do not import construction activity, clothing, vehicles or technology from another period. Historically grounded 16:9 documentary reconstruction with restrained natural light and realistic materials. The Satsop projects never operated: no fuel, nuclear glow, operating steam, radioactive spectacle or completed plant presented as fact. Do not render titles, dates, numbers, logos, maps, signs, document text, arrows or labels; exact information is added later as editorial vector graphics. Keep the lower 15 percent calm for captions. One visual proposition only."
SAT-GEN002,SAT-B003,00:00:18.360,00:00:30.600,12.24,AI_RECONSTRUCTION,SITE_IDENTITY,R01+R02,BLOCKED_UNTIL_REAL_MEDIA_IDS_ATTACHED,74% / preserved to 1994,gpt_image_2,low,1k,16:9,0.5,REWRITTEN_NOT_AUTHORIZED,CONDITIONAL,FAIL,"VISUAL PROPOSITION: Reference-matched Project Three exterior in preservation condition: cooling tower and major shells present, open unfinished interfaces visible, no cranes working and no operating vapor. ERA/STATE: 1983-1994 preservation. Respect the exact stated era and state (1983-1994 preservation); do not import construction activity, clothing, vehicles or technology from another period. Historically grounded 16:9 documentary reconstruction with restrained natural light and realistic materials. The Satsop projects never operated: no fuel, nuclear glow, operating steam, radioactive spectacle or completed plant presented as fact. Do not render titles, dates, numbers, logos, maps, signs, document text, arrows or labels; exact information is added later as editorial vector graphics. Keep the lower 15 percent calm for captions. One visual proposition only."
SAT-GEN003,SAT-B004,00:00:30.600,00:00:38.040,7.44,AI_RECONSTRUCTION_MAP,MAP_BASE,R02,BLOCKED_UNTIL_REAL_MEDIA_IDS_ATTACHED,P3 / P5 / NEVER OPERATED,gpt_image_2,low,1k,16:9,0.5,REWRITTEN_NOT_AUTHORIZED,FAIL,FAIL,"VISUAL PROPOSITION: Near-orthographic site-plan plate matching the authenticated plan exactly; Project Three and Project Five footprints separated, all labels and status marks omitted for vector overlay. ERA/STATE: neutral factual map. Respect the exact stated era and state (neutral factual map); do not import construction activity, clothing, vehicles or technology from another period. Historically grounded 16:9 documentary reconstruction with restrained natural light and realistic materials. The Satsop projects never operated: no fuel, nuclear glow, operating steam, radioactive spectacle or completed plant presented as fact. Do not render titles, dates, numbers, logos, maps, signs, document text, arrows or labels; exact information is added later as editorial vector graphics. Keep the lower 15 percent calm for captions. One visual proposition only."
SAT-GEN004,SAT-B005,00:00:38.040,00:00:53.800,15.76,AI_RECONSTRUCTION_MAP,MAP_BASE,R01+R02,BLOCKED_UNTIL_REAL_MEDIA_IDS_ATTACHED,1982 → 1994,gpt_image_2,low,1k,16:9,0.5,REWRITTEN_NOT_AUTHORIZED,NOT_TESTED,NOT_TESTED,"VISUAL PROPOSITION: Split-site orthographic plate with Project Five visually sparse and Project Three substantially built; preserve exact plan geometry and reserve the center seam for a twelve-year timeline overlay. ERA/STATE: 1982-1994 comparison. Respect the exact stated era and state (1982-1994 comparison); do not import construction activity, clothing, vehicles or technology from another period. Historically grounded 16:9 documentary reconstruction with restrained natural light and realistic materials. The Satsop projects never operated: no fuel, nuclear glow, operating steam, radioactive spectacle or completed plant presented as fact. Do not render titles, dates, numbers, logos, maps, signs, document text, arrows or labels; exact information is added later as editorial vector graphics. Keep the lower 15 percent calm for captions. One visual proposition only."
SAT-GEN005,SAT-B006,00:00:53.800,00:01:02.800,9.0,AI_RECONSTRUCTION,INSTITUTIONAL,R03,BLOCKED_UNTIL_REAL_MEDIA_IDS_ATTACHED,JAN 22 1982 / P4+P5 TERMINATED,gpt_image_2,low,1k,16:9,0.5,REWRITTEN_NOT_AUTHORIZED,NOT_TESTED,NOT_TESTED,"VISUAL PROPOSITION: January 1982 utility-board decision room after a vote: closed folders, empty chairs and a stopped-project site photograph on an easel; no readable invented documents. ERA/STATE: 1982. Respect the exact stated era and state (1982); do not import construction activity, clothing, vehicles or technology from another period. Historically grounded 16:9 documentary reconstruction with restrained natural light and realistic materials. The Satsop projects never operated: no fuel, nuclear glow, operating steam, radioactive spectacle or completed plant presented as fact. Do not render titles, dates, numbers, logos, maps, signs, document text, arrows or labels; exact information is added later as editorial vector graphics. Keep the lower 15 percent calm for captions. One visual proposition only."
SAT-GEN006,SAT-B011,00:01:39.380,00:01:53.080,13.7,AI_RECONSTRUCTION,CONSTRUCTION_PHASE,R02+R03,BLOCKED_UNTIL_REAL_MEDIA_IDS_ATTACHED,14% / rising estimate,gpt_image_2,low,1k,16:9,0.5,REWRITTEN_NOT_AUTHORIZED,CONDITIONAL,CONDITIONAL,"VISUAL PROPOSITION: Project Five early works viewed from ground level: isolated concrete foundations and stored rebar separated by large empty tracts; make limited physical progress the dominant fact. ERA/STATE: 1981-1982. Respect the exact stated era and state (1981-1982); do not import construction activity, clothing, vehicles or technology from another period. Historically grounded 16:9 documentary reconstruction with restrained natural light and realistic materials. The Satsop projects never operated: no fuel, nuclear glow, operating steam, radioactive spectacle or completed plant presented as fact. Do not render titles, dates, numbers, logos, maps, signs, document text, arrows or labels; exact information is added later as editorial vector graphics. Keep the lower 15 percent calm for captions. One visual proposition only."
SAT-GEN007,SAT-B012,00:01:53.080,00:02:02.480,9.4,AI_RECONSTRUCTION,FINANCIAL_METAPHOR,R03,BLOCKED_UNTIL_REAL_MEDIA_IDS_ATTACHED,PROMISE TO PAY / REWIND,gpt_image_2,low,1k,16:9,0.5,REWRITTEN_NOT_AUTHORIZED,NOT_TESTED,NOT_TESTED,"VISUAL PROPOSITION: A period utility desk where a signed payment obligation in the foreground visually blocks the road toward the distant unfinished site; documents remain blank for editorial replacement. ERA/STATE: 1982. Respect the exact stated era and state (1982); do not import construction activity, clothing, vehicles or technology from another period. Historically grounded 16:9 documentary reconstruction with restrained natural light and realistic materials. The Satsop projects never operated: no fuel, nuclear glow, operating steam, radioactive spectacle or completed plant presented as fact. Do not render titles, dates, numbers, logos, maps, signs, document text, arrows or labels; exact information is added later as editorial vector graphics. Keep the lower 15 percent calm for captions. One visual proposition only."
SAT-GEN008,SAT-B015,00:02:22.220,00:02:35.380,13.16,AI_RECONSTRUCTION,PLANNING_ROOM,R03+R05,BLOCKED_UNTIL_REAL_MEDIA_IDS_ATTACHED,5 PROJECTS,gpt_image_2,low,1k,16:9,0.5,REWRITTEN_NOT_AUTHORIZED,NOT_TESTED,NOT_TESTED,"VISUAL PROPOSITION: 1969 regional planning room with five separate plant models arranged around a Pacific Northwest wall map, small staff dwarfed by the expansion plan; no modern screens. ERA/STATE: 1969. Respect the exact stated era and state (1969); do not import construction activity, clothing, vehicles or technology from another period. Historically grounded 16:9 documentary reconstruction with restrained natural light and realistic materials. The Satsop projects never operated: no fuel, nuclear glow, operating steam, radioactive spectacle or completed plant presented as fact. Do not render titles, dates, numbers, logos, maps, signs, document text, arrows or labels; exact information is added later as editorial vector graphics. Keep the lower 15 percent calm for captions. One visual proposition only."
SAT-GEN009,SAT-B016,00:02:35.380,00:02:45.170,9.79,AI_RECONSTRUCTION,WORKFORCE_SCALE,R03,BLOCKED_UNTIL_REAL_MEDIA_IDS_ATTACHED,"<100 → 1,471",gpt_image_2,low,1k,16:9,0.5,REWRITTEN_NOT_AUTHORIZED,NOT_TESTED,NOT_TESTED,"VISUAL PROPOSITION: Diptych base: a modest pre-1968 utility office on the left and a crowded 1979 engineering floor on the right, matched camera height and blank center for exact employee numbers. ERA/STATE: 1968 vs 1979. Respect the exact stated era and state (1968 vs 1979); do not import construction activity, clothing, vehicles or technology from another period. Historically grounded 16:9 documentary reconstruction with restrained natural light and realistic materials. The Satsop projects never operated: no fuel, nuclear glow, operating steam, radioactive spectacle or completed plant presented as fact. Do not render titles, dates, numbers, logos, maps, signs, document text, arrows or labels; exact information is added later as editorial vector graphics. Keep the lower 15 percent calm for captions. One visual proposition only."
SAT-GEN010,SAT-B017,00:02:45.170,00:03:01.300,16.13,AI_RECONSTRUCTION,PORTFOLIO_SYSTEM,R03+R05,BLOCKED_UNTIL_REAL_MEDIA_IDS_ATTACHED,portfolio competition,gpt_image_2,low,1k,16:9,0.5,REWRITTEN_NOT_AUTHORIZED,NOT_TESTED,NOT_TESTED,"VISUAL PROPOSITION: Five distinct project worktables competing for the same limited pool of engineers, contractor schedules, component crates and permit trays in one overhead institutional composition. ERA/STATE: late 1970s. Respect the exact stated era and state (late 1970s); do not import construction activity, clothing, vehicles or technology from another period. Historically grounded 16:9 documentary reconstruction with restrained natural light and realistic materials. The Satsop projects never operated: no fuel, nuclear glow, operating steam, radioactive spectacle or completed plant presented as fact. Do not render titles, dates, numbers, logos, maps, signs, document text, arrows or labels; exact information is added later as editorial vector graphics. Keep the lower 15 percent calm for captions. One visual proposition only."
SAT-GEN011,SAT-B019,00:03:10.260,00:03:23.280,13.02,AI_RECONSTRUCTION,NETWORK_GFX_BASE,R05,LOCKED_PASS_REUSE,88 BPA customers + 1 private utility,gpt_image_2,low,1k,16:9,0.0,LOCKED_PASS_REUSE,FAIL,PASS,"VISUAL PROPOSITION: Dark warm-paper regional map base with many small utility nodes converging on Projects Four and Five; no text, no fake boundaries, ample negative space for 88+1 overlay. ERA/STATE: 1976. Respect the exact stated era and state (1976); do not import construction activity, clothing, vehicles or technology from another period. Historically grounded 16:9 documentary reconstruction with restrained natural light and realistic materials. The Satsop projects never operated: no fuel, nuclear glow, operating steam, radioactive spectacle or completed plant presented as fact. Do not render titles, dates, numbers, logos, maps, signs, document text, arrows or labels; exact information is added later as editorial vector graphics. Keep the lower 15 percent calm for captions. One visual proposition only."
SAT-GEN012,SAT-B021,00:03:30.930,00:03:39.580,8.65,AI_RECONSTRUCTION,CONTRACT_MECHANISM,R03,LOCKED_PASS_REUSE,PAY WHETHER COMPLETED OR OPERATING,gpt_image_2,low,1k,16:9,0.0,LOCKED_PASS_REUSE,NOT_TESTED,PASS,"VISUAL PROPOSITION: Three-state triptych using the same payment folder in front of an unfinished plant, an inoperable plant and an idle plant; the obligation remains visually unchanged in all panels. ERA/STATE: late 1970s-1980s. Respect the exact stated era and state (late 1970s-1980s); do not import construction activity, clothing, vehicles or technology from another period. Historically grounded 16:9 documentary reconstruction with restrained natural light and realistic materials. The Satsop projects never operated: no fuel, nuclear glow, operating steam, radioactive spectacle or completed plant presented as fact. Do not render titles, dates, numbers, logos, maps, signs, document text, arrows or labels; exact information is added later as editorial vector graphics. Keep the lower 15 percent calm for captions. One visual proposition only."
SAT-GEN013,SAT-B023,00:03:53.240,00:04:01.980,8.74,AI_RECONSTRUCTION,RATEPAYER_SCALE,R03,BLOCKED_UNTIL_REAL_MEDIA_IDS_ATTACHED,RATE INCREASES / COURT,gpt_image_2,low,1k,16:9,0.5,REWRITTEN_NOT_AUTHORIZED,NOT_TESTED,NOT_TESTED,"VISUAL PROPOSITION: Period public-utility counter with household bills and court-file boxes in foreground, worried customers waiting, unfinished project photograph small in the background; all paper text blank. ERA/STATE: early 1980s. Respect the exact stated era and state (early 1980s); do not import construction activity, clothing, vehicles or technology from another period. Historically grounded 16:9 documentary reconstruction with restrained natural light and realistic materials. The Satsop projects never operated: no fuel, nuclear glow, operating steam, radioactive spectacle or completed plant presented as fact. Do not render titles, dates, numbers, logos, maps, signs, document text, arrows or labels; exact information is added later as editorial vector graphics. Keep the lower 15 percent calm for captions. One visual proposition only."
SAT-GEN014,SAT-B024,00:04:01.980,00:04:09.640,7.66,AI_RECONSTRUCTION,LIABILITY_METAPHOR,R03,BLOCKED_UNTIL_REAL_MEDIA_IDS_ATTACHED,WHO CARRIES THE BILL?,gpt_image_2,low,1k,16:9,0.5,REWRITTEN_NOT_AUTHORIZED,NOT_TESTED,NOT_TESTED,"VISUAL PROPOSITION: A stopped industrial gate at dusk with one heavy contract case being passed from project officials toward local utility representatives; no active construction. ERA/STATE: 1982-1983. Respect the exact stated era and state (1982-1983); do not import construction activity, clothing, vehicles or technology from another period. Historically grounded 16:9 documentary reconstruction with restrained natural light and realistic materials. The Satsop projects never operated: no fuel, nuclear glow, operating steam, radioactive spectacle or completed plant presented as fact. Do not render titles, dates, numbers, logos, maps, signs, document text, arrows or labels; exact information is added later as editorial vector graphics. Keep the lower 15 percent calm for captions. One visual proposition only."
SAT-GEN015,SAT-B025,00:04:09.640,00:04:20.880,11.24,AI_RECONSTRUCTION,FINANCIAL_COLLAPSE,R03,BLOCKED_UNTIL_REAL_MEDIA_IDS_ATTACHED,JUL 22 1983 / DEFAULT,gpt_image_2,low,1k,16:9,0.5,REWRITTEN_NOT_AUTHORIZED,NOT_TESTED,NOT_TESTED,"VISUAL PROPOSITION: Empty bond-market trading desk and stacked blank bond certificates under a single extinguished task lamp, with the halted Project Five foundation visible only through a window. ERA/STATE: July 1983. Respect the exact stated era and state (July 1983); do not import construction activity, clothing, vehicles or technology from another period. Historically grounded 16:9 documentary reconstruction with restrained natural light and realistic materials. The Satsop projects never operated: no fuel, nuclear glow, operating steam, radioactive spectacle or completed plant presented as fact. Do not render titles, dates, numbers, logos, maps, signs, document text, arrows or labels; exact information is added later as editorial vector graphics. Keep the lower 15 percent calm for captions. One visual proposition only."
SAT-GEN016,SAT-B026,00:04:20.880,00:04:31.760,10.88,AI_RECONSTRUCTION_MAP,MAP_BASE,R02,BLOCKED_UNTIL_REAL_MEDIA_IDS_ATTACHED,P5 PARTICIPANT FINANCE / P3 BPA PATH,gpt_image_2,low,1k,16:9,0.5,REWRITTEN_NOT_AUTHORIZED,FAIL,FAIL,"VISUAL PROPOSITION: Exact plan-matched two-project diagram plate divided into two clean financial lanes while retaining true site adjacency; no invented architecture or labels in the generated layer. ERA/STATE: neutral factual map. Respect the exact stated era and state (neutral factual map); do not import construction activity, clothing, vehicles or technology from another period. Historically grounded 16:9 documentary reconstruction with restrained natural light and realistic materials. The Satsop projects never operated: no fuel, nuclear glow, operating steam, radioactive spectacle or completed plant presented as fact. Do not render titles, dates, numbers, logos, maps, signs, document text, arrows or labels; exact information is added later as editorial vector graphics. Keep the lower 15 percent calm for captions. One visual proposition only."
SAT-GEN017,SAT-B027,00:04:31.760,00:04:38.140,6.38,AI_RECONSTRUCTION,FINANCE_NETWORK,R02+R03,BLOCKED_UNTIL_REAL_MEDIA_IDS_ATTACHED,P4+P5 participant system,gpt_image_2,low,1k,16:9,0.5,REWRITTEN_NOT_AUTHORIZED,NOT_TESTED,NOT_TESTED,"VISUAL PROPOSITION: Project Five foundation at the end of a branching chain of municipal utility offices, each connected by restrained empty line paths reserved for editorial graphics. ERA/STATE: late 1970s. Respect the exact stated era and state (late 1970s); do not import construction activity, clothing, vehicles or technology from another period. Historically grounded 16:9 documentary reconstruction with restrained natural light and realistic materials. The Satsop projects never operated: no fuel, nuclear glow, operating steam, radioactive spectacle or completed plant presented as fact. Do not render titles, dates, numbers, logos, maps, signs, document text, arrows or labels; exact information is added later as editorial vector graphics. Keep the lower 15 percent calm for captions. One visual proposition only."
SAT-GEN018,SAT-B029,00:04:49.420,00:04:56.520,7.1,AI_RECONSTRUCTION,INSTITUTIONAL,R03+R05,LOCKED_PASS_REUSE,capability shares → BPA,gpt_image_2,low,1k,16:9,0.0,LOCKED_PASS_REUSE,PASS,NOT_TESTED,"VISUAL PROPOSITION: Period utility boardroom with capability-share folders moving toward a central Bonneville representative; preserve the accepted TEST20 composition and do not regenerate. ERA/STATE: late 1970s. Respect the exact stated era and state (late 1970s); do not import construction activity, clothing, vehicles or technology from another period. Historically grounded 16:9 documentary reconstruction with restrained natural light and realistic materials. The Satsop projects never operated: no fuel, nuclear glow, operating steam, radioactive spectacle or completed plant presented as fact. Do not render titles, dates, numbers, logos, maps, signs, document text, arrows or labels; exact information is added later as editorial vector graphics. Keep the lower 15 percent calm for captions. One visual proposition only."
SAT-GEN019,SAT-B031,00:05:07.380,00:05:20.160,12.78,AI_RECONSTRUCTION,OWNERSHIP_SPLIT,R03,BLOCKED_UNTIL_REAL_MEDIA_IDS_ATTACHED,70% / 30% / 4 IOUs,gpt_image_2,low,1k,16:9,0.5,REWRITTEN_NOT_AUTHORIZED,NOT_TESTED,NOT_TESTED,"VISUAL PROPOSITION: One clean tabletop divided 70/30 by physical folder stacks, public-utility side larger and four investor-owned utility chairs on the smaller side; blank overlay space above. ERA/STATE: agreement-era. Respect the exact stated era and state (agreement-era); do not import construction activity, clothing, vehicles or technology from another period. Historically grounded 16:9 documentary reconstruction with restrained natural light and realistic materials. The Satsop projects never operated: no fuel, nuclear glow, operating steam, radioactive spectacle or completed plant presented as fact. Do not render titles, dates, numbers, logos, maps, signs, document text, arrows or labels; exact information is added later as editorial vector graphics. Keep the lower 15 percent calm for captions. One visual proposition only."
SAT-GEN020,SAT-B032,00:05:20.160,00:05:29.680,9.52,AI_RECONSTRUCTION_GFX,TECHNICAL_GFX_BASE,R02+R04,BLOCKED_UNTIL_REAL_MEDIA_IDS_ATTACHED,"PWR / 1,240 MW EACH",gpt_image_2,low,1k,16:9,0.5,REWRITTEN_NOT_AUTHORIZED,FAIL,CONDITIONAL,"VISUAL PROPOSITION: Two simplified cutaway silhouettes of pressurized-water project systems derived from authenticated technical references, side by side on neutral blueprint-gray; no photoreal domes, labels, pipes to nowhere or operating effects. ERA/STATE: design comparison. Respect the exact stated era and state (design comparison); do not import construction activity, clothing, vehicles or technology from another period. Historically grounded 16:9 documentary reconstruction with restrained natural light and realistic materials. The Satsop projects never operated: no fuel, nuclear glow, operating steam, radioactive spectacle or completed plant presented as fact. Do not render titles, dates, numbers, logos, maps, signs, document text, arrows or labels; exact information is added later as editorial vector graphics. Keep the lower 15 percent calm for captions. One visual proposition only."
SAT-GEN021,SAT-B035,00:05:56.641,00:06:02.971,6.33,AI_RECONSTRUCTION,COMPONENT_SCALE,R01+R02+R04,BLOCKED_UNTIL_REAL_MEDIA_IDS_ATTACHED,tower = heat rejection only,gpt_image_2,low,1k,16:9,0.5,REWRITTEN_NOT_AUTHORIZED,NOT_TESTED,NOT_TESTED,"VISUAL PROPOSITION: Low-angle exterior where the cooling tower occupies one edge while reactor, turbine and auxiliary building shells recede separately across the site, making the tower only one component. ERA/STATE: construction-era. Respect the exact stated era and state (construction-era); do not import construction activity, clothing, vehicles or technology from another period. Historically grounded 16:9 documentary reconstruction with restrained natural light and realistic materials. The Satsop projects never operated: no fuel, nuclear glow, operating steam, radioactive spectacle or completed plant presented as fact. Do not render titles, dates, numbers, logos, maps, signs, document text, arrows or labels; exact information is added later as editorial vector graphics. Keep the lower 15 percent calm for captions. One visual proposition only."
SAT-GEN022,SAT-B036,00:06:02.971,00:06:15.631,12.66,AI_RECONSTRUCTION_GFX,TECHNICAL_GFX_BASE,R04,BLOCKED_UNTIL_REAL_MEDIA_IDS_ATTACHED,HEAT → STEAM → TURBINE → COOLING,gpt_image_2,low,1k,16:9,0.5,REWRITTEN_NOT_AUTHORIZED,NOT_TESTED,CONDITIONAL,"VISUAL PROPOSITION: Clean horizontal four-stage engineering plate: reactor vessel silhouette, steam line, turbine-generator, cooling loop; unfinished broken link at Satsop, no labels or arrows rendered by the model. ERA/STATE: intended system. Respect the exact stated era and state (intended system); do not import construction activity, clothing, vehicles or technology from another period. Historically grounded 16:9 documentary reconstruction with restrained natural light and realistic materials. The Satsop projects never operated: no fuel, nuclear glow, operating steam, radioactive spectacle or completed plant presented as fact. Do not render titles, dates, numbers, logos, maps, signs, document text, arrows or labels; exact information is added later as editorial vector graphics. Keep the lower 15 percent calm for captions. One visual proposition only."
SAT-GEN023,SAT-B037,00:06:15.631,00:06:24.961,9.33,AI_RECONSTRUCTION_MAP,MAP_BASE,R02+R04,BLOCKED_UNTIL_REAL_MEDIA_IDS_ATTACHED,CHAIN NEVER COMPLETED / P5 FIRST,gpt_image_2,low,1k,16:9,0.5,REWRITTEN_NOT_AUTHORIZED,NOT_TESTED,NOT_TESTED,"VISUAL PROPOSITION: Plan-matched Satsop systems plate with the intended generation chain stopping before completion and Project Five highlighted as the first financial stop; generated layer contains no labels. ERA/STATE: 1982-1983. Respect the exact stated era and state (1982-1983); do not import construction activity, clothing, vehicles or technology from another period. Historically grounded 16:9 documentary reconstruction with restrained natural light and realistic materials. The Satsop projects never operated: no fuel, nuclear glow, operating steam, radioactive spectacle or completed plant presented as fact. Do not render titles, dates, numbers, logos, maps, signs, document text, arrows or labels; exact information is added later as editorial vector graphics. Keep the lower 15 percent calm for captions. One visual proposition only."
SAT-GEN024,SAT-B038,00:06:24.961,00:06:36.411,11.45,AI_RECONSTRUCTION,PRESERVATION,R01+R03,BLOCKED_UNTIL_REAL_MEDIA_IDS_ATTACHED,SUSPENDED ≠ TERMINATED,gpt_image_2,low,1k,16:9,0.5,REWRITTEN_NOT_AUTHORIZED,NOT_TESTED,NOT_TESTED,"VISUAL PROPOSITION: Project Three immediately after suspension: locked work zone, idle crane booms lowered, weather covers being installed and a two-person inspection team; no pouring concrete or active build. ERA/STATE: July 1983. Respect the exact stated era and state (July 1983); do not import construction activity, clothing, vehicles or technology from another period. Historically grounded 16:9 documentary reconstruction with restrained natural light and realistic materials. The Satsop projects never operated: no fuel, nuclear glow, operating steam, radioactive spectacle or completed plant presented as fact. Do not render titles, dates, numbers, logos, maps, signs, document text, arrows or labels; exact information is added later as editorial vector graphics. Keep the lower 15 percent calm for captions. One visual proposition only."
SAT-GEN025,SAT-B039,00:06:36.411,00:06:48.221,11.81,AI_RECONSTRUCTION,PRESERVATION,R01+R03+R04,LOCKED_PASS_REUSE,preserve optionality,gpt_image_2,low,1k,16:9,0.0,LOCKED_PASS_REUSE,FAIL,PASS,"VISUAL PROPOSITION: Protected stored equipment inside an unfinished turbine space, tagged but unreadable crates, desiccation covers and a small inspection crew; no active construction. ERA/STATE: 1983-1994. Respect the exact stated era and state (1983-1994); do not import construction activity, clothing, vehicles or technology from another period. Historically grounded 16:9 documentary reconstruction with restrained natural light and realistic materials. The Satsop projects never operated: no fuel, nuclear glow, operating steam, radioactive spectacle or completed plant presented as fact. Do not render titles, dates, numbers, logos, maps, signs, document text, arrows or labels; exact information is added later as editorial vector graphics. Keep the lower 15 percent calm for captions. One visual proposition only."
SAT-GEN026,SAT-B040,00:06:48.221,00:06:56.801,8.58,AI_RECONSTRUCTION,OPTION_COST,R01+R03,BLOCKED_UNTIL_REAL_MEDIA_IDS_ATTACHED,OPTION ALIVE / COST CONTINUES,gpt_image_2,low,1k,16:9,0.5,REWRITTEN_NOT_AUTHORIZED,NOT_TESTED,NOT_TESTED,"VISUAL PROPOSITION: A preserved machine under a clean protective cover in a vast unfinished hall while a maintenance crew works under one pool of light; show time being purchased, not construction progress. ERA/STATE: preservation era. Respect the exact stated era and state (preservation era); do not import construction activity, clothing, vehicles or technology from another period. Historically grounded 16:9 documentary reconstruction with restrained natural light and realistic materials. The Satsop projects never operated: no fuel, nuclear glow, operating steam, radioactive spectacle or completed plant presented as fact. Do not render titles, dates, numbers, logos, maps, signs, document text, arrows or labels; exact information is added later as editorial vector graphics. Keep the lower 15 percent calm for captions. One visual proposition only."
SAT-GEN027,SAT-B042,00:07:07.941,00:07:16.081,8.14,AI_RECONSTRUCTION_MAP,REGIONAL_GFX_BASE,R01+R05,BLOCKED_UNTIL_REAL_MEDIA_IDS_ATTACHED,demand changed / zero output,gpt_image_2,low,1k,16:9,0.5,REWRITTEN_NOT_AUTHORIZED,NOT_TESTED,NOT_TESTED,"VISUAL PROPOSITION: Pacific Northwest power-system landscape at low water with one silent preserved Satsop site at the edge; large clean sky and water areas reserved for demand-forecast overlay. ERA/STATE: late 1980s-early 1990s. Respect the exact stated era and state (late 1980s-early 1990s); do not import construction activity, clothing, vehicles or technology from another period. Historically grounded 16:9 documentary reconstruction with restrained natural light and realistic materials. The Satsop projects never operated: no fuel, nuclear glow, operating steam, radioactive spectacle or completed plant presented as fact. Do not render titles, dates, numbers, logos, maps, signs, document text, arrows or labels; exact information is added later as editorial vector graphics. Keep the lower 15 percent calm for captions. One visual proposition only."
SAT-GEN028,SAT-B043,00:07:16.081,00:07:30.786,14.705,AI_RECONSTRUCTION,PRESERVATION,R01+R03+R04,BLOCKED_UNTIL_REAL_MEDIA_IDS_ATTACHED,inspect / protect / evaluate,gpt_image_2,low,1k,16:9,0.5,REWRITTEN_NOT_AUTHORIZED,NOT_TESTED,NOT_TESTED,"VISUAL PROPOSITION: Close operational inspection of corrosion protection, sealed penetrations and stored equipment records inside an unfinished plant; three workers only, no cranes or fresh concrete. ERA/STATE: preservation era. Respect the exact stated era and state (preservation era); do not import construction activity, clothing, vehicles or technology from another period. Historically grounded 16:9 documentary reconstruction with restrained natural light and realistic materials. The Satsop projects never operated: no fuel, nuclear glow, operating steam, radioactive spectacle or completed plant presented as fact. Do not render titles, dates, numbers, logos, maps, signs, document text, arrows or labels; exact information is added later as editorial vector graphics. Keep the lower 15 percent calm for captions. One visual proposition only."
SAT-GEN029,SAT-B044,00:07:30.786,00:07:40.261,9.475,AI_RECONSTRUCTION,OPTION_COST,R01+R03,BLOCKED_UNTIL_REAL_MEDIA_IDS_ATTACHED,spend to keep option alive,gpt_image_2,low,1k,16:9,0.5,REWRITTEN_NOT_AUTHORIZED,NOT_TESTED,NOT_TESTED,"VISUAL PROPOSITION: Symmetrical corridor of preserved equipment with recurring inspection stations disappearing into depth, each station consuming labor while nothing produces power. ERA/STATE: preservation era. Respect the exact stated era and state (preservation era); do not import construction activity, clothing, vehicles or technology from another period. Historically grounded 16:9 documentary reconstruction with restrained natural light and realistic materials. The Satsop projects never operated: no fuel, nuclear glow, operating steam, radioactive spectacle or completed plant presented as fact. Do not render titles, dates, numbers, logos, maps, signs, document text, arrows or labels; exact information is added later as editorial vector graphics. Keep the lower 15 percent calm for captions. One visual proposition only."
SAT-GEN030,SAT-B046,00:07:54.011,00:08:04.071,10.06,AI_RECONSTRUCTION,CAPITAL_GFX_BASE,R01+R02,BLOCKED_UNTIL_REAL_MEDIA_IDS_ATTACHED,$2.6B / 1993 dollars,gpt_image_2,low,1k,16:9,0.5,REWRITTEN_NOT_AUTHORIZED,NOT_TESTED,NOT_TESTED,"VISUAL PROPOSITION: Reference-matched Project Three concrete mass isolated against a clean warm-paper field, with one empty lower-third scale lane for the verified invested-dollar overlay; no cash, coins or charts generated. ERA/STATE: 1993 valuation. Respect the exact stated era and state (1993 valuation); do not import construction activity, clothing, vehicles or technology from another period. Historically grounded 16:9 documentary reconstruction with restrained natural light and realistic materials. The Satsop projects never operated: no fuel, nuclear glow, operating steam, radioactive spectacle or completed plant presented as fact. Do not render titles, dates, numbers, logos, maps, signs, document text, arrows or labels; exact information is added later as editorial vector graphics. Keep the lower 15 percent calm for captions. One visual proposition only."
SAT-GEN031,SAT-B047,00:08:04.071,00:08:14.951,10.88,AI_RECONSTRUCTION_GFX,SITE_IDENTITY,R01+R02,LOCKED_PASS_REUSE,~500 FT / major buildings existed,gpt_image_2,low,1k,16:9,0.0,LOCKED_PASS_REUSE,PASS,NOT_TESTED,"VISUAL PROPOSITION: Preserve the accepted road-level cooling-tower scale frame; use authenticated tower proportions and keep the reactor and turbine shells visibly incomplete. ERA/STATE: 1993-1994. Respect the exact stated era and state (1993-1994); do not import construction activity, clothing, vehicles or technology from another period. Historically grounded 16:9 documentary reconstruction with restrained natural light and realistic materials. The Satsop projects never operated: no fuel, nuclear glow, operating steam, radioactive spectacle or completed plant presented as fact. Do not render titles, dates, numbers, logos, maps, signs, document text, arrows or labels; exact information is added later as editorial vector graphics. Keep the lower 15 percent calm for captions. One visual proposition only."
SAT-GEN032,SAT-B048,00:08:14.951,00:08:26.231,11.28,AI_RECONSTRUCTION,FUTURE_COST,R01+R04,LOCKED_PASS_REUSE,VISIBLE CONCRETE ≠ COST TO FINISH,gpt_image_2,low,1k,16:9,0.0,LOCKED_PASS_REUSE,CONDITIONAL,PASS,"VISUAL PROPOSITION: Foreground unfinished cable trays, open penetrations and missing systems lead toward the apparently complete exterior shell; the absent work dominates over the visible concrete. ERA/STATE: 1993-1994. Respect the exact stated era and state (1993-1994); do not import construction activity, clothing, vehicles or technology from another period. Historically grounded 16:9 documentary reconstruction with restrained natural light and realistic materials. The Satsop projects never operated: no fuel, nuclear glow, operating steam, radioactive spectacle or completed plant presented as fact. Do not render titles, dates, numbers, logos, maps, signs, document text, arrows or labels; exact information is added later as editorial vector graphics. Keep the lower 15 percent calm for captions. One visual proposition only."
SAT-GEN033,SAT-B049,00:08:26.231,00:08:42.631,16.4,AI_RECONSTRUCTION,RISK_HORIZON,R01,BLOCKED_UNTIL_REAL_MEDIA_IDS_ATTACHED,TIME + CAPITAL AT RISK,gpt_image_2,low,1k,16:9,0.5,REWRITTEN_NOT_AUTHORIZED,NOT_TESTED,NOT_TESTED,"VISUAL PROPOSITION: Long empty access road from preserved Project Three toward a distant uncertain horizon, with maintenance barriers and aging equipment in foreground; no active build. ERA/STATE: 1993-1994. Respect the exact stated era and state (1993-1994); do not import construction activity, clothing, vehicles or technology from another period. Historically grounded 16:9 documentary reconstruction with restrained natural light and realistic materials. The Satsop projects never operated: no fuel, nuclear glow, operating steam, radioactive spectacle or completed plant presented as fact. Do not render titles, dates, numbers, logos, maps, signs, document text, arrows or labels; exact information is added later as editorial vector graphics. Keep the lower 15 percent calm for captions. One visual proposition only."
SAT-GEN034,SAT-B052,00:09:01.271,00:09:11.891,10.62,AI_RECONSTRUCTION,RATEPAYER_SCALE,R05,BLOCKED_UNTIL_REAL_MEDIA_IDS_ATTACHED,agency decision → monthly rate,gpt_image_2,low,1k,16:9,0.5,REWRITTEN_NOT_AUTHORIZED,NOT_TESTED,NOT_TESTED,"VISUAL PROPOSITION: A small Northwest business after hours with utility invoice and operating ledger on a counter, Satsop image only as a secondary newspaper photograph; no readable invented amounts. ERA/STATE: 1993-1994. Respect the exact stated era and state (1993-1994); do not import construction activity, clothing, vehicles or technology from another period. Historically grounded 16:9 documentary reconstruction with restrained natural light and realistic materials. The Satsop projects never operated: no fuel, nuclear glow, operating steam, radioactive spectacle or completed plant presented as fact. Do not render titles, dates, numbers, logos, maps, signs, document text, arrows or labels; exact information is added later as editorial vector graphics. Keep the lower 15 percent calm for captions. One visual proposition only."
SAT-GEN035,SAT-B054,00:09:28.091,00:09:40.211,12.12,AI_RECONSTRUCTION,SUNK_COST,R03,BLOCKED_UNTIL_REAL_MEDIA_IDS_ATTACHED,PAST SPEND / NEXT DECISION,gpt_image_2,low,1k,16:9,0.5,REWRITTEN_NOT_AUTHORIZED,NOT_TESTED,NOT_TESTED,"VISUAL PROPOSITION: A closed archival vault containing past-project folders behind glass while an open decision table in foreground remains empty, separating money already spent from the next commitment. ERA/STATE: 1994. Respect the exact stated era and state (1994); do not import construction activity, clothing, vehicles or technology from another period. Historically grounded 16:9 documentary reconstruction with restrained natural light and realistic materials. The Satsop projects never operated: no fuel, nuclear glow, operating steam, radioactive spectacle or completed plant presented as fact. Do not render titles, dates, numbers, logos, maps, signs, document text, arrows or labels; exact information is added later as editorial vector graphics. Keep the lower 15 percent calm for captions. One visual proposition only."
SAT-GEN036,SAT-B058,00:10:04.771,00:10:20.911,16.14,AI_RECONSTRUCTION_GFX,COMPARISON_GFX_BASE,R01+R04+R06,LOCKED_PASS_REUSE,"1,240 MW / 240 MW",gpt_image_2,low,1k,16:9,0.0,LOCKED_PASS_REUSE,NOT_TESTED,PASS,"VISUAL PROPOSITION: Clean scale comparison plate: one large reference-controlled Project Three mass on the left and five smaller modular combined-cycle blocks on the right, neutral background, no labels or fake site placement. ERA/STATE: 1994 alternatives. Respect the exact stated era and state (1994 alternatives); do not import construction activity, clothing, vehicles or technology from another period. Historically grounded 16:9 documentary reconstruction with restrained natural light and realistic materials. The Satsop projects never operated: no fuel, nuclear glow, operating steam, radioactive spectacle or completed plant presented as fact. Do not render titles, dates, numbers, logos, maps, signs, document text, arrows or labels; exact information is added later as editorial vector graphics. Keep the lower 15 percent calm for captions. One visual proposition only."
SAT-GEN037,SAT-B060,00:10:32.011,00:10:44.351,12.34,AI_RECONSTRUCTION,LEAD_TIME,R01+R06,BLOCKED_UNTIL_REAL_MEDIA_IDS_ATTACHED,5 YEARS / 3 YEARS,gpt_image_2,low,1k,16:9,0.5,REWRITTEN_NOT_AUTHORIZED,NOT_TESTED,NOT_TESTED,"VISUAL PROPOSITION: Two parallel construction paths seen from above: long preserved nuclear restart path with many unfinished stages versus a short modular gas path with fewer stages; no text in generated layer. ERA/STATE: 1994 comparison. Respect the exact stated era and state (1994 comparison); do not import construction activity, clothing, vehicles or technology from another period. Historically grounded 16:9 documentary reconstruction with restrained natural light and realistic materials. The Satsop projects never operated: no fuel, nuclear glow, operating steam, radioactive spectacle or completed plant presented as fact. Do not render titles, dates, numbers, logos, maps, signs, document text, arrows or labels; exact information is added later as editorial vector graphics. Keep the lower 15 percent calm for captions. One visual proposition only."
SAT-GEN038,SAT-B061,00:10:44.351,00:10:57.551,13.2,AI_RECONSTRUCTION,HYDRO_SYSTEM,R05+R06,BLOCKED_UNTIL_REAL_MEDIA_IDS_ATTACHED,hydro variability / flexible dispatch,gpt_image_2,low,1k,16:9,0.5,REWRITTEN_NOT_AUTHORIZED,NOT_TESTED,NOT_TESTED,"VISUAL PROPOSITION: Pacific Northwest hydro control context with reservoir, transmission and dispatch room reflections; modular thermal blocks remain secondary and geographically non-specific. ERA/STATE: 1994 system context. Respect the exact stated era and state (1994 system context); do not import construction activity, clothing, vehicles or technology from another period. Historically grounded 16:9 documentary reconstruction with restrained natural light and realistic materials. The Satsop projects never operated: no fuel, nuclear glow, operating steam, radioactive spectacle or completed plant presented as fact. Do not render titles, dates, numbers, logos, maps, signs, document text, arrows or labels; exact information is added later as editorial vector graphics. Keep the lower 15 percent calm for captions. One visual proposition only."
SAT-GEN039,SAT-B062,00:10:57.551,00:11:10.851,13.3,AI_RECONSTRUCTION,MODULAR_COMPARISON,R01+R06,LOCKED_PASS_REUSE,add capacity in increments,gpt_image_2,low,1k,16:9,0.0,LOCKED_PASS_REUSE,PASS,NOT_TESTED,"VISUAL PROPOSITION: Preserve the accepted conceptual composite of one unfinished nuclear commitment versus several small modular combined-cycle units, explicitly non-geographic and free of Satsop site claims. ERA/STATE: 1994 alternatives. Respect the exact stated era and state (1994 alternatives); do not import construction activity, clothing, vehicles or technology from another period. Historically grounded 16:9 documentary reconstruction with restrained natural light and realistic materials. The Satsop projects never operated: no fuel, nuclear glow, operating steam, radioactive spectacle or completed plant presented as fact. Do not render titles, dates, numbers, logos, maps, signs, document text, arrows or labels; exact information is added later as editorial vector graphics. Keep the lower 15 percent calm for captions. One visual proposition only."
SAT-GEN040,SAT-B066,00:11:36.939,00:11:46.198,9.259,AI_RECONSTRUCTION,RISK_PAIR,R03+R06,BLOCKED_UNTIL_REAL_MEDIA_IDS_ATTACHED,fuel price / carbon risk,gpt_image_2,low,1k,16:9,0.5,REWRITTEN_NOT_AUTHORIZED,NOT_TESTED,NOT_TESTED,"VISUAL PROPOSITION: Balanced tabletop still life: gas-fuel contract and emissions-policy folder on one side, nuclear completion-risk folder on the other, all text blank and equal visual weight. ERA/STATE: 1994. Respect the exact stated era and state (1994); do not import construction activity, clothing, vehicles or technology from another period. Historically grounded 16:9 documentary reconstruction with restrained natural light and realistic materials. The Satsop projects never operated: no fuel, nuclear glow, operating steam, radioactive spectacle or completed plant presented as fact. Do not render titles, dates, numbers, logos, maps, signs, document text, arrows or labels; exact information is added later as editorial vector graphics. Keep the lower 15 percent calm for captions. One visual proposition only."
SAT-GEN041,SAT-B067,00:11:46.198,00:11:57.468,11.27,AI_RECONSTRUCTION,BALANCED_COMPARISON,R01+R06,BLOCKED_UNTIL_REAL_MEDIA_IDS_ATTACHED,risk-free claim rejected,gpt_image_2,low,1k,16:9,0.5,REWRITTEN_NOT_AUTHORIZED,NOT_TESTED,NOT_TESTED,"VISUAL PROPOSITION: Split composition giving nuclear and combined-cycle advantages and liabilities equal physical space; neither side heroic or catastrophic, no site merger. ERA/STATE: 1994. Respect the exact stated era and state (1994); do not import construction activity, clothing, vehicles or technology from another period. Historically grounded 16:9 documentary reconstruction with restrained natural light and realistic materials. The Satsop projects never operated: no fuel, nuclear glow, operating steam, radioactive spectacle or completed plant presented as fact. Do not render titles, dates, numbers, logos, maps, signs, document text, arrows or labels; exact information is added later as editorial vector graphics. Keep the lower 15 percent calm for captions. One visual proposition only."
SAT-GEN042,SAT-B068,00:11:57.468,00:12:06.998,9.53,AI_RECONSTRUCTION,DECISION_FLEXIBILITY,R03+R06,BLOCKED_UNTIL_REAL_MEDIA_IDS_ATTACHED,FLEXIBILITY,gpt_image_2,low,1k,16:9,0.5,REWRITTEN_NOT_AUTHORIZED,NOT_TESTED,NOT_TESTED,"VISUAL PROPOSITION: A rigid single heavy commitment path beside several smaller movable resource blocks on a utility planning table; human hands can rearrange only the modular side. ERA/STATE: 1994. Respect the exact stated era and state (1994); do not import construction activity, clothing, vehicles or technology from another period. Historically grounded 16:9 documentary reconstruction with restrained natural light and realistic materials. The Satsop projects never operated: no fuel, nuclear glow, operating steam, radioactive spectacle or completed plant presented as fact. Do not render titles, dates, numbers, logos, maps, signs, document text, arrows or labels; exact information is added later as editorial vector graphics. Keep the lower 15 percent calm for captions. One visual proposition only."
SAT-GEN043,SAT-B069,00:12:06.998,00:12:19.158,12.16,AI_RECONSTRUCTION,COST_GFX_BASE,R01,BLOCKED_UNTIL_REAL_MEDIA_IDS_ATTACHED,$1.55B base completion estimate,gpt_image_2,low,1k,16:9,0.5,REWRITTEN_NOT_AUTHORIZED,NOT_TESTED,NOT_TESTED,"VISUAL PROPOSITION: Project Three silhouette behind one large empty cost bar area on warm-paper background; no digits generated, exact $1.55B overlay added later. ERA/STATE: 1993 dollars. Respect the exact stated era and state (1993 dollars); do not import construction activity, clothing, vehicles or technology from another period. Historically grounded 16:9 documentary reconstruction with restrained natural light and realistic materials. The Satsop projects never operated: no fuel, nuclear glow, operating steam, radioactive spectacle or completed plant presented as fact. Do not render titles, dates, numbers, logos, maps, signs, document text, arrows or labels; exact information is added later as editorial vector graphics. Keep the lower 15 percent calm for captions. One visual proposition only."
SAT-GEN044,SAT-B070,00:12:19.158,00:12:28.418,9.26,AI_RECONSTRUCTION,COST_GFX_BASE,R06,LOCKED_PASS_REUSE,LOW / BASE / HIGH / CC,gpt_image_2,low,1k,16:9,0.0,LOCKED_PASS_REUSE,FAIL,PASS,"VISUAL PROPOSITION: Three empty vertical case lanes—low, base, high—beside one shorter combined-cycle lane, using physical model blocks and no generated numbers or labels. ERA/STATE: 1994 analysis. Respect the exact stated era and state (1994 analysis); do not import construction activity, clothing, vehicles or technology from another period. Historically grounded 16:9 documentary reconstruction with restrained natural light and realistic materials. The Satsop projects never operated: no fuel, nuclear glow, operating steam, radioactive spectacle or completed plant presented as fact. Do not render titles, dates, numbers, logos, maps, signs, document text, arrows or labels; exact information is added later as editorial vector graphics. Keep the lower 15 percent calm for captions. One visual proposition only."
SAT-GEN045,SAT-B071,00:12:28.418,00:12:38.288,9.87,AI_RECONSTRUCTION,LIFETIME_RISK,R01+R06,BLOCKED_UNTIL_REAL_MEDIA_IDS_ATTACHED,lifetime cost comparable ≠ decision equivalent,gpt_image_2,low,1k,16:9,0.5,REWRITTEN_NOT_AUTHORIZED,NOT_TESTED,NOT_TESTED,"VISUAL PROPOSITION: Two alternatives appear similar at the far operating-life horizon, but the Project Three path carries a much larger locked capital block in the foreground. ERA/STATE: 1994 analysis. Respect the exact stated era and state (1994 analysis); do not import construction activity, clothing, vehicles or technology from another period. Historically grounded 16:9 documentary reconstruction with restrained natural light and realistic materials. The Satsop projects never operated: no fuel, nuclear glow, operating steam, radioactive spectacle or completed plant presented as fact. Do not render titles, dates, numbers, logos, maps, signs, document text, arrows or labels; exact information is added later as editorial vector graphics. Keep the lower 15 percent calm for captions. One visual proposition only."
SAT-GEN046,SAT-B074,00:13:00.978,00:13:17.108,16.13,AI_RECONSTRUCTION_GFX,QUANT_GFX_BASE,R05,BLOCKED_UNTIL_REAL_MEDIA_IDS_ATTACHED,"1,240 MW / +600 aMW surplus",gpt_image_2,low,1k,16:9,0.5,REWRITTEN_NOT_AUTHORIZED,FAIL,CONDITIONAL,"VISUAL PROPOSITION: Clean regional supply-demand plate with one large Project Three block visibly exceeding a lower demand band; no site photograph, no numbers, no labels, ample overlay space. ERA/STATE: 1994 forecast. Respect the exact stated era and state (1994 forecast); do not import construction activity, clothing, vehicles or technology from another period. Historically grounded 16:9 documentary reconstruction with restrained natural light and realistic materials. The Satsop projects never operated: no fuel, nuclear glow, operating steam, radioactive spectacle or completed plant presented as fact. Do not render titles, dates, numbers, logos, maps, signs, document text, arrows or labels; exact information is added later as editorial vector graphics. Keep the lower 15 percent calm for captions. One visual proposition only."
SAT-GEN047,SAT-B076,00:13:27.618,00:13:40.418,12.8,AI_RECONSTRUCTION,ECONOMIC_MISMATCH,R05,BLOCKED_UNTIL_REAL_MEDIA_IDS_ATTACHED,technical success / economic failure,gpt_image_2,low,1k,16:9,0.5,REWRITTEN_NOT_AUTHORIZED,NOT_TESTED,NOT_TESTED,"VISUAL PROPOSITION: A technically complete power block feeds into a visibly undersized regional demand channel, causing unused capacity to terminate in an empty lane; conceptual, not a real site. ERA/STATE: 1994 forecast. Respect the exact stated era and state (1994 forecast); do not import construction activity, clothing, vehicles or technology from another period. Historically grounded 16:9 documentary reconstruction with restrained natural light and realistic materials. The Satsop projects never operated: no fuel, nuclear glow, operating steam, radioactive spectacle or completed plant presented as fact. Do not render titles, dates, numbers, logos, maps, signs, document text, arrows or labels; exact information is added later as editorial vector graphics. Keep the lower 15 percent calm for captions. One visual proposition only."
SAT-GEN048,SAT-B077,00:13:40.418,00:13:48.148,7.73,AI_RECONSTRUCTION,TOWER_REVEAL,R01+R05,BLOCKED_UNTIL_REAL_MEDIA_IDS_ATTACHED,megaproject beyond engineering,gpt_image_2,low,1k,16:9,0.5,REWRITTEN_NOT_AUTHORIZED,NOT_TESTED,NOT_TESTED,"VISUAL PROPOSITION: Reference-controlled cooling tower fills foreground while the wider regional grid and demand landscape remains visible through an opening, revealing the system hidden by the monument. ERA/STATE: 1994 reflection. Respect the exact stated era and state (1994 reflection); do not import construction activity, clothing, vehicles or technology from another period. Historically grounded 16:9 documentary reconstruction with restrained natural light and realistic materials. The Satsop projects never operated: no fuel, nuclear glow, operating steam, radioactive spectacle or completed plant presented as fact. Do not render titles, dates, numbers, logos, maps, signs, document text, arrows or labels; exact information is added later as editorial vector graphics. Keep the lower 15 percent calm for captions. One visual proposition only."
SAT-GEN049,SAT-B078,00:13:48.148,00:13:57.138,8.99,AI_RECONSTRUCTION,SYSTEM_TEST,R03+R05,BLOCKED_UNTIL_REAL_MEDIA_IDS_ATTACHED,CAN SYSTEM USE AND PAY?,gpt_image_2,low,1k,16:9,0.5,REWRITTEN_NOT_AUTHORIZED,NOT_TESTED,NOT_TESTED,"VISUAL PROPOSITION: Project Three scale model sits at the center of a circular table surrounded by load forecast, customer and finance stations; all station text reserved for overlay. ERA/STATE: 1994. Respect the exact stated era and state (1994); do not import construction activity, clothing, vehicles or technology from another period. Historically grounded 16:9 documentary reconstruction with restrained natural light and realistic materials. The Satsop projects never operated: no fuel, nuclear glow, operating steam, radioactive spectacle or completed plant presented as fact. Do not render titles, dates, numbers, logos, maps, signs, document text, arrows or labels; exact information is added later as editorial vector graphics. Keep the lower 15 percent calm for captions. One visual proposition only."
SAT-GEN050,SAT-B079,00:13:57.138,00:14:06.888,9.75,AI_RECONSTRUCTION,NEED_GFX_BASE,R01+R05,BLOCKED_UNTIL_REAL_MEDIA_IDS_ATTACHED,74% BUILT / POWER NOT NEEDED,gpt_image_2,low,1k,16:9,0.5,REWRITTEN_NOT_AUTHORIZED,CONDITIONAL,CONDITIONAL,"VISUAL PROPOSITION: Reference-matched mostly built Project Three on left and a deliberately sparse regional demand field on right; no cranes, no active construction, clean central overlay lane. ERA/STATE: 1994. Respect the exact stated era and state (1994); do not import construction activity, clothing, vehicles or technology from another period. Historically grounded 16:9 documentary reconstruction with restrained natural light and realistic materials. The Satsop projects never operated: no fuel, nuclear glow, operating steam, radioactive spectacle or completed plant presented as fact. Do not render titles, dates, numbers, logos, maps, signs, document text, arrows or labels; exact information is added later as editorial vector graphics. Keep the lower 15 percent calm for captions. One visual proposition only."
SAT-GEN051,SAT-B080,00:14:06.888,00:14:15.808,8.92,AI_RECONSTRUCTION,CAPITAL_CONCENTRATION,R01+R06,BLOCKED_UNTIL_REAL_MEDIA_IDS_ATTACHED,capital concentration / real advantages,gpt_image_2,low,1k,16:9,0.5,REWRITTEN_NOT_AUTHORIZED,NOT_TESTED,NOT_TESTED,"VISUAL PROPOSITION: One huge immovable Project Three commitment block contrasted with several smaller distributed alternatives, while a subtle existing-assets layer remains behind the nuclear side. ERA/STATE: 1994. Respect the exact stated era and state (1994); do not import construction activity, clothing, vehicles or technology from another period. Historically grounded 16:9 documentary reconstruction with restrained natural light and realistic materials. The Satsop projects never operated: no fuel, nuclear glow, operating steam, radioactive spectacle or completed plant presented as fact. Do not render titles, dates, numbers, logos, maps, signs, document text, arrows or labels; exact information is added later as editorial vector graphics. Keep the lower 15 percent calm for captions. One visual proposition only."
SAT-GEN052,SAT-B081,00:14:15.808,00:14:26.688,10.88,AI_RECONSTRUCTION,EXISTING_ADVANTAGES,R01+R02,BLOCKED_UNTIL_REAL_MEDIA_IDS_ATTACHED,existing assets / permits / no combustion emissions,gpt_image_2,low,1k,16:9,0.5,REWRITTEN_NOT_AUTHORIZED,NOT_TESTED,NOT_TESTED,"VISUAL PROPOSITION: Quiet preserved Project Three exterior with completed access, major shells and permit binders represented as blank physical folders; no operating plant or emissions spectacle. ERA/STATE: 1994. Respect the exact stated era and state (1994); do not import construction activity, clothing, vehicles or technology from another period. Historically grounded 16:9 documentary reconstruction with restrained natural light and realistic materials. The Satsop projects never operated: no fuel, nuclear glow, operating steam, radioactive spectacle or completed plant presented as fact. Do not render titles, dates, numbers, logos, maps, signs, document text, arrows or labels; exact information is added later as editorial vector graphics. Keep the lower 15 percent calm for captions. One visual proposition only."
SAT-GEN053,SAT-B083,00:14:42.928,00:14:57.088,14.16,AI_RECONSTRUCTION_GFX,REPOWER_GFX_BASE,R01+R04+R06,BLOCKED_UNTIL_REAL_MEDIA_IDS_ATTACHED,REPOWER / NEW BUILD,gpt_image_2,low,1k,16:9,0.5,REWRITTEN_NOT_AUTHORIZED,NOT_TESTED,NOT_TESTED,"VISUAL PROPOSITION: Three-panel neutral engineering plate: preserved Project Three, hypothetical gas repower, and clean-sheet combined-cycle plant; no physical claim that repowering occurred. ERA/STATE: 1994 alternatives. Respect the exact stated era and state (1994 alternatives); do not import construction activity, clothing, vehicles or technology from another period. Historically grounded 16:9 documentary reconstruction with restrained natural light and realistic materials. The Satsop projects never operated: no fuel, nuclear glow, operating steam, radioactive spectacle or completed plant presented as fact. Do not render titles, dates, numbers, logos, maps, signs, document text, arrows or labels; exact information is added later as editorial vector graphics. Keep the lower 15 percent calm for captions. One visual proposition only."
SAT-GEN054,SAT-B084,00:14:57.088,00:15:10.628,13.54,AI_RECONSTRUCTION_MAP,THIRD_PARTY_OPTION,R01+R07,LOCKED_PASS_REUSE,third party insufficient,gpt_image_2,low,1k,16:9,0.0,LOCKED_PASS_REUSE,PASS,NOT_TESTED,"VISUAL PROPOSITION: Preserve the accepted image of protected unfinished infrastructure as an uncertain third-party option; no map claim and no active nuclear construction. ERA/STATE: 1994. Respect the exact stated era and state (1994); do not import construction activity, clothing, vehicles or technology from another period. Historically grounded 16:9 documentary reconstruction with restrained natural light and realistic materials. The Satsop projects never operated: no fuel, nuclear glow, operating steam, radioactive spectacle or completed plant presented as fact. Do not render titles, dates, numbers, logos, maps, signs, document text, arrows or labels; exact information is added later as editorial vector graphics. Keep the lower 15 percent calm for captions. One visual proposition only."
SAT-GEN055,SAT-B086,00:15:26.368,00:15:35.248,8.88,AI_RECONSTRUCTION,TERMINATION_DECISION,R01,BLOCKED_UNTIL_REAL_MEDIA_IDS_ATTACHED,TERMINATED / past ≠ future,gpt_image_2,low,1k,16:9,0.5,REWRITTEN_NOT_AUTHORIZED,NOT_TESTED,NOT_TESTED,"VISUAL PROPOSITION: June 1994 preserved site behind a newly closed administrative gate, with the built structures unchanged and the future path visibly ending; no demolition. ERA/STATE: June 1994. Respect the exact stated era and state (June 1994); do not import construction activity, clothing, vehicles or technology from another period. Historically grounded 16:9 documentary reconstruction with restrained natural light and realistic materials. The Satsop projects never operated: no fuel, nuclear glow, operating steam, radioactive spectacle or completed plant presented as fact. Do not render titles, dates, numbers, logos, maps, signs, document text, arrows or labels; exact information is added later as editorial vector graphics. Keep the lower 15 percent calm for captions. One visual proposition only."
SAT-GEN056,SAT-B087,00:15:35.248,00:15:43.608,8.36,AI_RECONSTRUCTION,MULTIPLE_CLOCKS,R03+R07,BLOCKED_UNTIL_REAL_MEDIA_IDS_ATTACHED,project ends on several clocks,gpt_image_2,low,1k,16:9,0.5,REWRITTEN_NOT_AUTHORIZED,NOT_TESTED,NOT_TESTED,"VISUAL PROPOSITION: Four physical clocks mounted over permit files, property keys, debt ledgers and redevelopment plans, each showing a different phase; exact dates added only in overlay. ERA/STATE: 1982-2000. Respect the exact stated era and state (1982-2000); do not import construction activity, clothing, vehicles or technology from another period. Historically grounded 16:9 documentary reconstruction with restrained natural light and realistic materials. The Satsop projects never operated: no fuel, nuclear glow, operating steam, radioactive spectacle or completed plant presented as fact. Do not render titles, dates, numbers, logos, maps, signs, document text, arrows or labels; exact information is added later as editorial vector graphics. Keep the lower 15 percent calm for captions. One visual proposition only."
SAT-GEN057,SAT-B088,00:15:43.608,00:15:54.888,11.28,AI_RECONSTRUCTION,CHRONOLOGY_GFX_BASE,R01+R02+R03,BLOCKED_UNTIL_REAL_MEDIA_IDS_ATTACHED,1982 / 1983 / 1983 / 1994,gpt_image_2,low,1k,16:9,0.5,REWRITTEN_NOT_AUTHORIZED,CONDITIONAL,FAIL,"VISUAL PROPOSITION: Four clean horizontal event stations with distinct physical symbols—Project Five stop, bond default, Project Three suspension, Project Three termination—no generated dates or text. ERA/STATE: 1982-1994. Respect the exact stated era and state (1982-1994); do not import construction activity, clothing, vehicles or technology from another period. Historically grounded 16:9 documentary reconstruction with restrained natural light and realistic materials. The Satsop projects never operated: no fuel, nuclear glow, operating steam, radioactive spectacle or completed plant presented as fact. Do not render titles, dates, numbers, logos, maps, signs, document text, arrows or labels; exact information is added later as editorial vector graphics. Keep the lower 15 percent calm for captions. One visual proposition only."
SAT-GEN058,SAT-B090,00:16:05.468,00:16:16.488,11.02,AI_RECONSTRUCTION,MULTIPLE_CLOCKS,R03+R07,LOCKED_PASS_REUSE,permit / property / remediation / debt,gpt_image_2,low,1k,16:9,0.0,LOCKED_PASS_REUSE,NOT_TESTED,PASS,"VISUAL PROPOSITION: Permit stamp, property key, remediation field kit and debt ledger arranged as four independent workstreams on a neutral table; no readable invented wording. ERA/STATE: post-termination. Respect the exact stated era and state (post-termination); do not import construction activity, clothing, vehicles or technology from another period. Historically grounded 16:9 documentary reconstruction with restrained natural light and realistic materials. The Satsop projects never operated: no fuel, nuclear glow, operating steam, radioactive spectacle or completed plant presented as fact. Do not render titles, dates, numbers, logos, maps, signs, document text, arrows or labels; exact information is added later as editorial vector graphics. Keep the lower 15 percent calm for captions. One visual proposition only."
SAT-GEN059,SAT-B091,00:16:16.488,00:16:26.208,9.72,AI_RECONSTRUCTION,CONTRACT_AFTERLIFE,R01+R03,BLOCKED_UNTIL_REAL_MEDIA_IDS_ATTACHED,property clock / debt clock,gpt_image_2,low,1k,16:9,0.5,REWRITTEN_NOT_AUTHORIZED,NOT_TESTED,NOT_TESTED,"VISUAL PROPOSITION: Maintained concrete building outside a window while property keys and long-lived finance folders occupy separate foreground planes, making visible asset and invisible contract coexist. ERA/STATE: post-termination. Respect the exact stated era and state (post-termination); do not import construction activity, clothing, vehicles or technology from another period. Historically grounded 16:9 documentary reconstruction with restrained natural light and realistic materials. The Satsop projects never operated: no fuel, nuclear glow, operating steam, radioactive spectacle or completed plant presented as fact. Do not render titles, dates, numbers, logos, maps, signs, document text, arrows or labels; exact information is added later as editorial vector graphics. Keep the lower 15 percent calm for captions. One visual proposition only."
SAT-GEN060,SAT-B093,00:16:34.328,00:16:43.288,8.96,AI_RECONSTRUCTION_MAP,DEBT_GFX_BASE,R01+R07,BLOCKED_UNTIL_REAL_MEDIA_IDS_ATTACHED,legacy budgeting decades later,gpt_image_2,low,1k,16:9,0.5,REWRITTEN_NOT_AUTHORIZED,NOT_TESTED,NOT_TESTED,"VISUAL PROPOSITION: Present-day institutional budget workspace with legacy project folder linked visually to a long receding timeline; no new construction imagery and no generated numbers. ERA/STATE: present-day debt administration. Respect the exact stated era and state (present-day debt administration); do not import construction activity, clothing, vehicles or technology from another period. Historically grounded 16:9 documentary reconstruction with restrained natural light and realistic materials. The Satsop projects never operated: no fuel, nuclear glow, operating steam, radioactive spectacle or completed plant presented as fact. Do not render titles, dates, numbers, logos, maps, signs, document text, arrows or labels; exact information is added later as editorial vector graphics. Keep the lower 15 percent calm for captions. One visual proposition only."
SAT-GEN061,SAT-B094,00:16:43.288,00:16:54.088,10.8,AI_RECONSTRUCTION,ADMINISTRATION,R07,BLOCKED_UNTIL_REAL_MEDIA_IDS_ATTACHED,debt administration only,gpt_image_2,low,1k,16:9,0.5,REWRITTEN_NOT_AUTHORIZED,NOT_TESTED,NOT_TESTED,"VISUAL PROPOSITION: Contemporary finance office managing legacy obligations: spreadsheets visible only as unreadable shapes, archived project folders, no hard hats, cranes, plant operation or construction. ERA/STATE: FY2021. Respect the exact stated era and state (FY2021); do not import construction activity, clothing, vehicles or technology from another period. Historically grounded 16:9 documentary reconstruction with restrained natural light and realistic materials. The Satsop projects never operated: no fuel, nuclear glow, operating steam, radioactive spectacle or completed plant presented as fact. Do not render titles, dates, numbers, logos, maps, signs, document text, arrows or labels; exact information is added later as editorial vector graphics. Keep the lower 15 percent calm for captions. One visual proposition only."
SAT-GEN062,SAT-B095,00:16:54.088,00:17:02.048,7.96,AI_RECONSTRUCTION,VISIBLE_INVISIBLE,R01+R03,BLOCKED_UNTIL_REAL_MEDIA_IDS_ATTACHED,CONCRETE / CONTRACTS,gpt_image_2,low,1k,16:9,0.5,REWRITTEN_NOT_AUTHORIZED,NOT_TESTED,NOT_TESTED,"VISUAL PROPOSITION: Close exterior concrete wall reflected in glass over a table of sealed contracts, pairing durable structure and durable obligation in one restrained composition. ERA/STATE: post-termination. Respect the exact stated era and state (post-termination); do not import construction activity, clothing, vehicles or technology from another period. Historically grounded 16:9 documentary reconstruction with restrained natural light and realistic materials. The Satsop projects never operated: no fuel, nuclear glow, operating steam, radioactive spectacle or completed plant presented as fact. Do not render titles, dates, numbers, logos, maps, signs, document text, arrows or labels; exact information is added later as editorial vector graphics. Keep the lower 15 percent calm for captions. One visual proposition only."
SAT-GEN063,SAT-B096,00:17:02.048,00:17:12.248,10.2,AI_RECONSTRUCTION,REDEVELOPMENT_INSTITUTIONAL,R02+R07,LOCKED_PASS_REUSE,three public partners,gpt_image_2,low,1k,16:9,0.0,LOCKED_PASS_REUSE,FAIL,PASS,"VISUAL PROPOSITION: 1995 civic redevelopment meeting with county, port and public-utility representatives around a reuse site model; no cranes, nuclear construction or operating reactor. ERA/STATE: 1995. Respect the exact stated era and state (1995); do not import construction activity, clothing, vehicles or technology from another period. Historically grounded 16:9 documentary reconstruction with restrained natural light and realistic materials. The Satsop projects never operated: no fuel, nuclear glow, operating steam, radioactive spectacle or completed plant presented as fact. Do not render titles, dates, numbers, logos, maps, signs, document text, arrows or labels; exact information is added later as editorial vector graphics. Keep the lower 15 percent calm for captions. One visual proposition only."
SAT-GEN064,SAT-B098,00:17:19.568,00:17:31.679,12.111,AI_RECONSTRUCTION_MAP,REUSE_MAP_BASE,R02+R07,BLOCKED_UNTIL_REAL_MEDIA_IDS_ATTACHED,"recover infrastructure, not nuclear investment",gpt_image_2,low,1k,16:9,0.5,REWRITTEN_NOT_AUTHORIZED,NOT_TESTED,NOT_TESTED,"VISUAL PROPOSITION: Exact plan-matched site plate showing reusable roads, turbine space, grid connection and heavy foundations as isolated zones; reactor-completion path visibly absent, labels reserved for overlay. ERA/STATE: reuse era. Respect the exact stated era and state (reuse era); do not import construction activity, clothing, vehicles or technology from another period. Historically grounded 16:9 documentary reconstruction with restrained natural light and realistic materials. The Satsop projects never operated: no fuel, nuclear glow, operating steam, radioactive spectacle or completed plant presented as fact. Do not render titles, dates, numbers, logos, maps, signs, document text, arrows or labels; exact information is added later as editorial vector graphics. Keep the lower 15 percent calm for captions. One visual proposition only."
SAT-GEN065,SAT-B102,00:18:04.701,00:18:15.811,11.11,AI_RECONSTRUCTION_MAP,MODERN_REUSE,R01+R07,BLOCKED_UNTIL_REAL_MEDIA_IDS_ATTACHED,"300,000 SQ FT / BUSINESS PARK",gpt_image_2,low,1k,16:9,0.5,REWRITTEN_NOT_AUTHORIZED,NOT_TESTED,CONDITIONAL,"VISUAL PROPOSITION: Present-day active turbine-building industrial interior with maintained floor, ordinary logistics activity and reusable open volume; no reactor work, cranes, dereliction or nuclear props. ERA/STATE: present day. Respect the exact stated era and state (present day); do not import construction activity, clothing, vehicles or technology from another period. Historically grounded 16:9 documentary reconstruction with restrained natural light and realistic materials. The Satsop projects never operated: no fuel, nuclear glow, operating steam, radioactive spectacle or completed plant presented as fact. Do not render titles, dates, numbers, logos, maps, signs, document text, arrows or labels; exact information is added later as editorial vector graphics. Keep the lower 15 percent calm for captions. One visual proposition only."
SAT-GEN066,SAT-B103,00:18:15.811,00:18:24.691,8.88,AI_RECONSTRUCTION_GFX,TRAINING,R07,LOCKED_PASS_REUSE,confined-space / rescue training,gpt_image_2,low,1k,16:9,0.0,LOCKED_PASS_REUSE,PASS,NOT_TESTED,"VISUAL PROPOSITION: Preserve the accepted confined-space rescue-training frame: modern PPE, organized exercise team and safe industrial tunnel, clearly training rather than emergency or construction. ERA/STATE: present day. Respect the exact stated era and state (present day); do not import construction activity, clothing, vehicles or technology from another period. Historically grounded 16:9 documentary reconstruction with restrained natural light and realistic materials. The Satsop projects never operated: no fuel, nuclear glow, operating steam, radioactive spectacle or completed plant presented as fact. Do not render titles, dates, numbers, logos, maps, signs, document text, arrows or labels; exact information is added later as editorial vector graphics. Keep the lower 15 percent calm for captions. One visual proposition only."
SAT-GEN067,SAT-B106,00:18:46.111,00:18:54.721,8.61,AI_RECONSTRUCTION_MAP,MODERN_REUSE,R01+R07,BLOCKED_UNTIL_REAL_MEDIA_IDS_ATTACHED,WORKING INDUSTRIAL SITE,gpt_image_2,low,1k,16:9,0.5,REWRITTEN_NOT_AUTHORIZED,NOT_TESTED,NOT_TESTED,"VISUAL PROPOSITION: Present-day maintained business-park roadway during a normal workday with occupied industrial buildings, delivery vehicles and controlled access; no tourists, ruins or cranes. ERA/STATE: present day. Respect the exact stated era and state (present day); do not import construction activity, clothing, vehicles or technology from another period. Historically grounded 16:9 documentary reconstruction with restrained natural light and realistic materials. The Satsop projects never operated: no fuel, nuclear glow, operating steam, radioactive spectacle or completed plant presented as fact. Do not render titles, dates, numbers, logos, maps, signs, document text, arrows or labels; exact information is added later as editorial vector graphics. Keep the lower 15 percent calm for captions. One visual proposition only."
SAT-GEN068,SAT-B107,00:18:54.721,00:19:03.501,8.78,AI_RECONSTRUCTION_MAP,REUSE_RESOLUTION,R01+R02+R07,BLOCKED_UNTIL_REAL_MEDIA_IDS_ATTACHED,WHAT REMAINS USEFUL,gpt_image_2,low,1k,16:9,0.5,REWRITTEN_NOT_AUTHORIZED,CONDITIONAL,CONDITIONAL,"VISUAL PROPOSITION: Elevated present-day view anchored on active reused buildings and maintained infrastructure, with the cooling tower secondary in the distance; show useful afterlife, not abandoned spectacle. ERA/STATE: present day. Respect the exact stated era and state (present day); do not import construction activity, clothing, vehicles or technology from another period. Historically grounded 16:9 documentary reconstruction with restrained natural light and realistic materials. The Satsop projects never operated: no fuel, nuclear glow, operating steam, radioactive spectacle or completed plant presented as fact. Do not render titles, dates, numbers, logos, maps, signs, document text, arrows or labels; exact information is added later as editorial vector graphics. Keep the lower 15 percent calm for captions. One visual proposition only."
