index,replacement_id,beat_id,start,end,replaces_kind,narration,model,aspect_ratio,cost_credits,prompt,status
1,SAT-RPL-001,SAT-B007,62.8,72.46000000000001,gfx,Project Four stood at Hanford. Project Five stood here at Satsop. Financial advisers had reached a blunt conclusion.,gpt_image_2,16:9,0.5,"SUBJECT AND COMPOSITION: A wide, grounded Pacific Northwest planning-room scene: two separate scale-model construction sites sit far apart on one long table, one surrounded by dry eastern Washington terrain references and the other by wet coastal forest references; a financial adviser stands between them studying a closed funding portfolio, no wall map and no labels. Create one photorealistic 16:9 documentary still with a clear foreground, middle ground and background, realistic scale, restrained natural or institutional light, and a calm lower 18 percent for burned English subtitles. HISTORICAL AND FACTUAL BOUNDARY: Match the era stated in the subject. Treat the scene as an interpretive documentary reconstruction, with anonymous non-identifiable adults and plausible period materials. Do not claim exact geography unless the subject explicitly describes the present Satsop site. ABSOLUTE EXCLUSIONS: no words, letters, dates, numbers, logos, captions, title cards, maps, arrows, charts, graphs, diagrams, split screens, UI panels, infographic blocks, readable paper, nuclear glow, disaster imagery, operating Satsop reactor, fuel, smoke, dramatic steam, cinematic spectacle, painterly illustration or 3D infographic style.",PROMPT_READY_NOT_SUBMITTED
2,SAT-RPL-002,SAT-B009,82.0,89.28,gfx,"At termination, Projects Four and Five had sold two point two five billion dollars in bonds.",gpt_image_2,16:9,0.5,"SUBJECT AND COMPOSITION: A 1982 municipal bond closing room after activity has stopped: dense stacks of blank bond certificates, ledger binders and adding machines fill the foreground while an unfinished industrial construction photograph sits soft and secondary in the distance. Create one photorealistic 16:9 documentary still with a clear foreground, middle ground and background, realistic scale, restrained natural or institutional light, and a calm lower 18 percent for burned English subtitles. HISTORICAL AND FACTUAL BOUNDARY: Match the era stated in the subject. Treat the scene as an interpretive documentary reconstruction, with anonymous non-identifiable adults and plausible period materials. Do not claim exact geography unless the subject explicitly describes the present Satsop site. ABSOLUTE EXCLUSIONS: no words, letters, dates, numbers, logos, captions, title cards, maps, arrows, charts, graphs, diagrams, split screens, UI panels, infographic blocks, readable paper, nuclear glow, disaster imagery, operating Satsop reactor, fuel, smoke, dramatic steam, cinematic spectacle, painterly illustration or 3D infographic style.",PROMPT_READY_NOT_SUBMITTED
3,SAT-RPL-003,SAT-B010,89.28,99.38,gfx,Their estimated combined completion cost had climbed to roughly twelve billion dollars — about eight point five billion above the original combined estimate.,gpt_image_2,16:9,0.5,"SUBJECT AND COMPOSITION: An overwhelmed project-estimating office in 1982: an enormous wall of stacked blank cost binders and unopened contractor boxes dwarfs a much smaller original planning folder on a desk, with exhausted estimators reviewing the scale of the increase. Create one photorealistic 16:9 documentary still with a clear foreground, middle ground and background, realistic scale, restrained natural or institutional light, and a calm lower 18 percent for burned English subtitles. HISTORICAL AND FACTUAL BOUNDARY: Match the era stated in the subject. Treat the scene as an interpretive documentary reconstruction, with anonymous non-identifiable adults and plausible period materials. Do not claim exact geography unless the subject explicitly describes the present Satsop site. ABSOLUTE EXCLUSIONS: no words, letters, dates, numbers, logos, captions, title cards, maps, arrows, charts, graphs, diagrams, split screens, UI panels, infographic blocks, readable paper, nuclear glow, disaster imagery, operating Satsop reactor, fuel, smoke, dramatic steam, cinematic spectacle, painterly illustration or 3D infographic style.",PROMPT_READY_NOT_SUBMITTED
4,SAT-RPL-004,SAT-B013,122.48,130.98,gfx,"Through the mid-twentieth century, federal hydroelectric projects supplied most of the Pacific Northwest's electricity.",gpt_image_2,16:9,0.5,"SUBJECT AND COMPOSITION: A monumental mid-century Pacific Northwest hydroelectric powerhouse interior with turbines, penstocks and operators at analog controls, emphasizing that the region's electrical system was built around federal hydropower. Create one photorealistic 16:9 documentary still with a clear foreground, middle ground and background, realistic scale, restrained natural or institutional light, and a calm lower 18 percent for burned English subtitles. HISTORICAL AND FACTUAL BOUNDARY: Match the era stated in the subject. Treat the scene as an interpretive documentary reconstruction, with anonymous non-identifiable adults and plausible period materials. Do not claim exact geography unless the subject explicitly describes the present Satsop site. ABSOLUTE EXCLUSIONS: no words, letters, dates, numbers, logos, captions, title cards, maps, arrows, charts, graphs, diagrams, split screens, UI panels, infographic blocks, readable paper, nuclear glow, disaster imagery, operating Satsop reactor, fuel, smoke, dramatic steam, cinematic spectacle, painterly illustration or 3D infographic style.",PROMPT_READY_NOT_SUBMITTED
5,SAT-RPL-005,SAT-B014,130.98,142.22,gfx,"By 1966, planners projected demand growing beyond what that system could provide. Utilities and Bonneville organized a regional planning effort.",gpt_image_2,16:9,0.5,"SUBJECT AND COMPOSITION: A late-1960s regional utility planning conference: engineers and public-power officials gather around a large blank physical relief model of rivers, cities and future demand corridors, with hydro infrastructure models visibly insufficient for the expanding built landscape. Create one photorealistic 16:9 documentary still with a clear foreground, middle ground and background, realistic scale, restrained natural or institutional light, and a calm lower 18 percent for burned English subtitles. HISTORICAL AND FACTUAL BOUNDARY: Match the era stated in the subject. Treat the scene as an interpretive documentary reconstruction, with anonymous non-identifiable adults and plausible period materials. Do not claim exact geography unless the subject explicitly describes the present Satsop site. ABSOLUTE EXCLUSIONS: no words, letters, dates, numbers, logos, captions, title cards, maps, arrows, charts, graphs, diagrams, split screens, UI panels, infographic blocks, readable paper, nuclear glow, disaster imagery, operating Satsop reactor, fuel, smoke, dramatic steam, cinematic spectacle, painterly illustration or 3D infographic style.",PROMPT_READY_NOT_SUBMITTED
6,SAT-RPL-006,SAT-B018,181.3,190.26,gfx,"Only one of those five projects would eventually operate: Project Two at Hanford, which entered commercial service in December 1984.",gpt_image_2,16:9,0.5,"SUBJECT AND COMPOSITION: A restrained 1984 commissioning scene at the completed Hanford nuclear plant: workers in period safety gear stand beside a functioning turbine hall control boundary while four distant unfinished project models remain covered on a planning table, no steam spectacle. Create one photorealistic 16:9 documentary still with a clear foreground, middle ground and background, realistic scale, restrained natural or institutional light, and a calm lower 18 percent for burned English subtitles. HISTORICAL AND FACTUAL BOUNDARY: Match the era stated in the subject. Treat the scene as an interpretive documentary reconstruction, with anonymous non-identifiable adults and plausible period materials. Do not claim exact geography unless the subject explicitly describes the present Satsop site. ABSOLUTE EXCLUSIONS: no words, letters, dates, numbers, logos, captions, title cards, maps, arrows, charts, graphs, diagrams, split screens, UI panels, infographic blocks, readable paper, nuclear glow, disaster imagery, operating Satsop reactor, fuel, smoke, dramatic steam, cinematic spectacle, painterly illustration or 3D infographic style.",PROMPT_READY_NOT_SUBMITTED
7,SAT-RPL-007,SAT-B020,203.28,210.93,gfx,The bonds were backed by contracts containing a take-or-pay obligation. The phrase sounds obscure.,gpt_image_2,16:9,0.5,"SUBJECT AND COMPOSITION: A close documentary still of a utility executive signing a thick long-term payment contract at a plain institutional desk, the unfinished plant visible through a window behind the document; every page is blank and unreadable. Create one photorealistic 16:9 documentary still with a clear foreground, middle ground and background, realistic scale, restrained natural or institutional light, and a calm lower 18 percent for burned English subtitles. HISTORICAL AND FACTUAL BOUNDARY: Match the era stated in the subject. Treat the scene as an interpretive documentary reconstruction, with anonymous non-identifiable adults and plausible period materials. Do not claim exact geography unless the subject explicitly describes the present Satsop site. ABSOLUTE EXCLUSIONS: no words, letters, dates, numbers, logos, captions, title cards, maps, arrows, charts, graphs, diagrams, split screens, UI panels, infographic blocks, readable paper, nuclear glow, disaster imagery, operating Satsop reactor, fuel, smoke, dramatic steam, cinematic spectacle, painterly illustration or 3D infographic style.",PROMPT_READY_NOT_SUBMITTED
8,SAT-RPL-008,SAT-B022,219.57999999999998,233.24,gfx,"When the projects were alive, that promise helped make their bonds marketable. Once construction ended, it meant utilities could still face the cost of plants that would never deliver power.",gpt_image_2,16:9,0.5,"SUBJECT AND COMPOSITION: A small public utility billing office after construction stopped: ratepayer envelopes and payment trays continue moving across a counter while a framed photograph of an unfinished plant hangs in the background, making the continuing obligation tangible. Create one photorealistic 16:9 documentary still with a clear foreground, middle ground and background, realistic scale, restrained natural or institutional light, and a calm lower 18 percent for burned English subtitles. HISTORICAL AND FACTUAL BOUNDARY: Match the era stated in the subject. Treat the scene as an interpretive documentary reconstruction, with anonymous non-identifiable adults and plausible period materials. Do not claim exact geography unless the subject explicitly describes the present Satsop site. ABSOLUTE EXCLUSIONS: no words, letters, dates, numbers, logos, captions, title cards, maps, arrows, charts, graphs, diagrams, split screens, UI panels, infographic blocks, readable paper, nuclear glow, disaster imagery, operating Satsop reactor, fuel, smoke, dramatic steam, cinematic spectacle, painterly illustration or 3D infographic style.",PROMPT_READY_NOT_SUBMITTED
9,SAT-RPL-009,SAT-B028,278.14,289.42,gfx,"Project Three belonged to an earlier group supported through net billing with Bonneville, the federal agency that marketed power from the Northwest's federal hydroelectric system.",gpt_image_2,16:9,0.5,"SUBJECT AND COMPOSITION: A Bonneville-era public power finance office: hydroelectric dispatch photographs, wholesale billing folders and a preserved nuclear-project model share one worktable, showing project costs flowing through a federal regional power system without using a diagram. Create one photorealistic 16:9 documentary still with a clear foreground, middle ground and background, realistic scale, restrained natural or institutional light, and a calm lower 18 percent for burned English subtitles. HISTORICAL AND FACTUAL BOUNDARY: Match the era stated in the subject. Treat the scene as an interpretive documentary reconstruction, with anonymous non-identifiable adults and plausible period materials. Do not claim exact geography unless the subject explicitly describes the present Satsop site. ABSOLUTE EXCLUSIONS: no words, letters, dates, numbers, logos, captions, title cards, maps, arrows, charts, graphs, diagrams, split screens, UI panels, infographic blocks, readable paper, nuclear glow, disaster imagery, operating Satsop reactor, fuel, smoke, dramatic steam, cinematic spectacle, painterly illustration or 3D infographic style.",PROMPT_READY_NOT_SUBMITTED
10,SAT-RPL-010,SAT-B030,296.52,307.38,gfx,"In exchange, Bonneville credited project costs through their wholesale power bills. Seventy percent of Project Three used that public net-billing structure.",gpt_image_2,16:9,0.5,"SUBJECT AND COMPOSITION: An institutional wholesale billing department with rows of public-utility account folders passing through credit trays toward one large preserved-project file; the composition gives most of the physical desk space to the public side and keeps all paper blank. Create one photorealistic 16:9 documentary still with a clear foreground, middle ground and background, realistic scale, restrained natural or institutional light, and a calm lower 18 percent for burned English subtitles. HISTORICAL AND FACTUAL BOUNDARY: Match the era stated in the subject. Treat the scene as an interpretive documentary reconstruction, with anonymous non-identifiable adults and plausible period materials. Do not claim exact geography unless the subject explicitly describes the present Satsop site. ABSOLUTE EXCLUSIONS: no words, letters, dates, numbers, logos, captions, title cards, maps, arrows, charts, graphs, diagrams, split screens, UI panels, infographic blocks, readable paper, nuclear glow, disaster imagery, operating Satsop reactor, fuel, smoke, dramatic steam, cinematic spectacle, painterly illustration or 3D infographic style.",PROMPT_READY_NOT_SUBMITTED
11,SAT-RPL-011,SAT-B033,329.68,338.31600000000003,gfx,But a cooling tower cannot show who carries the next billion dollars of risk.,gpt_image_2,16:9,0.5,"SUBJECT AND COMPOSITION: A giant unfinished cooling tower fills the background while, in sharp foreground, anonymous utility finance officers examine a heavy sealed capital-risk case that the structure itself cannot reveal. Create one photorealistic 16:9 documentary still with a clear foreground, middle ground and background, realistic scale, restrained natural or institutional light, and a calm lower 18 percent for burned English subtitles. HISTORICAL AND FACTUAL BOUNDARY: Match the era stated in the subject. Treat the scene as an interpretive documentary reconstruction, with anonymous non-identifiable adults and plausible period materials. Do not claim exact geography unless the subject explicitly describes the present Satsop site. ABSOLUTE EXCLUSIONS: no words, letters, dates, numbers, logos, captions, title cards, maps, arrows, charts, graphs, diagrams, split screens, UI panels, infographic blocks, readable paper, nuclear glow, disaster imagery, operating Satsop reactor, fuel, smoke, dramatic steam, cinematic spectacle, painterly illustration or 3D infographic style.",PROMPT_READY_NOT_SUBMITTED
12,SAT-RPL-012,SAT-B034,338.31600000000003,356.641,gfx,"Nor can the tower show how much remained outside it. Each proposed Satsop unit included a reactor system, auxiliary building, turbine generator, cooling system, transmission connections, and supporting facilities.",gpt_image_2,16:9,0.5,"SUBJECT AND COMPOSITION: A physically accurate industrial model-room view showing the separate major systems required for a large pressurized-water power station: unfinished containment-area model, turbine hall model, cooling works, transmission yard and support buildings arranged as distinct physical components, no labels. Create one photorealistic 16:9 documentary still with a clear foreground, middle ground and background, realistic scale, restrained natural or institutional light, and a calm lower 18 percent for burned English subtitles. HISTORICAL AND FACTUAL BOUNDARY: Match the era stated in the subject. Treat the scene as an interpretive documentary reconstruction, with anonymous non-identifiable adults and plausible period materials. Do not claim exact geography unless the subject explicitly describes the present Satsop site. ABSOLUTE EXCLUSIONS: no words, letters, dates, numbers, logos, captions, title cards, maps, arrows, charts, graphs, diagrams, split screens, UI panels, infographic blocks, readable paper, nuclear glow, disaster imagery, operating Satsop reactor, fuel, smoke, dramatic steam, cinematic spectacle, painterly illustration or 3D infographic style.",PROMPT_READY_NOT_SUBMITTED
13,SAT-RPL-013,SAT-B036,362.971,375.631,generated,"In operation, reactor heat would produce steam, the steam would spin a turbine generator, and the cooling system would remove waste heat so water could circulate again.",gpt_image_2,16:9,0.5,"SUBJECT AND COMPOSITION: A cutaway-like but fully physical training exhibit photographed in a 1970s engineering hall: four separate scale models show a heat source vessel, steam piping, turbine generator and cooling-water return loop in a clear left-to-right sequence, no arrows, labels or readable text. Create one photorealistic 16:9 documentary still with a clear foreground, middle ground and background, realistic scale, restrained natural or institutional light, and a calm lower 18 percent for burned English subtitles. HISTORICAL AND FACTUAL BOUNDARY: Match the era stated in the subject. Treat the scene as an interpretive documentary reconstruction, with anonymous non-identifiable adults and plausible period materials. Do not claim exact geography unless the subject explicitly describes the present Satsop site. ABSOLUTE EXCLUSIONS: no words, letters, dates, numbers, logos, captions, title cards, maps, arrows, charts, graphs, diagrams, split screens, UI panels, infographic blocks, readable paper, nuclear glow, disaster imagery, operating Satsop reactor, fuel, smoke, dramatic steam, cinematic spectacle, painterly illustration or 3D infographic style.",PROMPT_READY_NOT_SUBMITTED
14,SAT-RPL-014,SAT-B045,460.261,474.011,document,"But spending money to preserve an option did not prove that exercising the option would make sense. By 1994, Bonneville described the Project Three project as seventy-four percent physically complete.",gpt_image_2,16:9,0.5,"SUBJECT AND COMPOSITION: A 1994 decision table: a carefully maintained model of the mostly built Project Three sits behind glass, while the foreground holds an unopened new-investment case and a closed preservation ledger, showing that past preservation does not justify the next commitment. Create one photorealistic 16:9 documentary still with a clear foreground, middle ground and background, realistic scale, restrained natural or institutional light, and a calm lower 18 percent for burned English subtitles. HISTORICAL AND FACTUAL BOUNDARY: Match the era stated in the subject. Treat the scene as an interpretive documentary reconstruction, with anonymous non-identifiable adults and plausible period materials. Do not claim exact geography unless the subject explicitly describes the present Satsop site. ABSOLUTE EXCLUSIONS: no words, letters, dates, numbers, logos, captions, title cards, maps, arrows, charts, graphs, diagrams, split screens, UI panels, infographic blocks, readable paper, nuclear glow, disaster imagery, operating Satsop reactor, fuel, smoke, dramatic steam, cinematic spectacle, painterly illustration or 3D infographic style.",PROMPT_READY_NOT_SUBMITTED
15,SAT-RPL-015,SAT-B050,522.631,532.9110000000001,document,The conclusions went before the Supply System's Executive Board in November 1993 and its Board of Directors in January 1994.,gpt_image_2,16:9,0.5,"SUBJECT AND COMPOSITION: A formal late-1993 public-power boardroom after two separate meetings: two rows of empty chairs face a central evidence table with four blank analysis folders and one preserved-project model, no identifiable people or readable documents. Create one photorealistic 16:9 documentary still with a clear foreground, middle ground and background, realistic scale, restrained natural or institutional light, and a calm lower 18 percent for burned English subtitles. HISTORICAL AND FACTUAL BOUNDARY: Match the era stated in the subject. Treat the scene as an interpretive documentary reconstruction, with anonymous non-identifiable adults and plausible period materials. Do not claim exact geography unless the subject explicitly describes the present Satsop site. ABSOLUTE EXCLUSIONS: no words, letters, dates, numbers, logos, captions, title cards, maps, arrows, charts, graphs, diagrams, split screens, UI panels, infographic blocks, readable paper, nuclear glow, disaster imagery, operating Satsop reactor, fuel, smoke, dramatic steam, cinematic spectacle, painterly illustration or 3D infographic style.",PROMPT_READY_NOT_SUBMITTED
16,SAT-RPL-016,SAT-B051,532.9110000000001,541.271,gfx,The analysis asked four practical questions. Would completion damage Bonneville's competitiveness?,gpt_image_2,16:9,0.5,"SUBJECT AND COMPOSITION: Four senior utility analysts occupy four separate stations around a single project model, each examining a different blank evidence package: competitiveness, completion, need and risk, composed as one serious decision process rather than an infographic. Create one photorealistic 16:9 documentary still with a clear foreground, middle ground and background, realistic scale, restrained natural or institutional light, and a calm lower 18 percent for burned English subtitles. HISTORICAL AND FACTUAL BOUNDARY: Match the era stated in the subject. Treat the scene as an interpretive documentary reconstruction, with anonymous non-identifiable adults and plausible period materials. Do not claim exact geography unless the subject explicitly describes the present Satsop site. ABSOLUTE EXCLUSIONS: no words, letters, dates, numbers, logos, captions, title cards, maps, arrows, charts, graphs, diagrams, split screens, UI panels, infographic blocks, readable paper, nuclear glow, disaster imagery, operating Satsop reactor, fuel, smoke, dramatic steam, cinematic spectacle, painterly illustration or 3D infographic style.",PROMPT_READY_NOT_SUBMITTED
17,SAT-RPL-017,SAT-B055,580.211,588.871,gfx,Completing Project Three could push Bonneville's costs upward at the same moment its customers were gaining alternatives.,gpt_image_2,16:9,0.5,"SUBJECT AND COMPOSITION: A utility customer-choice scene in the early 1990s: industrial customers compare several competing energy proposals at a table while the costly preserved nuclear project remains visible through the window, isolated from the new alternatives. Create one photorealistic 16:9 documentary still with a clear foreground, middle ground and background, realistic scale, restrained natural or institutional light, and a calm lower 18 percent for burned English subtitles. HISTORICAL AND FACTUAL BOUNDARY: Match the era stated in the subject. Treat the scene as an interpretive documentary reconstruction, with anonymous non-identifiable adults and plausible period materials. Do not claim exact geography unless the subject explicitly describes the present Satsop site. ABSOLUTE EXCLUSIONS: no words, letters, dates, numbers, logos, captions, title cards, maps, arrows, charts, graphs, diagrams, split screens, UI panels, infographic blocks, readable paper, nuclear glow, disaster imagery, operating Satsop reactor, fuel, smoke, dramatic steam, cinematic spectacle, painterly illustration or 3D infographic style.",PROMPT_READY_NOT_SUBMITTED
18,SAT-RPL-018,SAT-B057,596.851,604.771,gfx,Not as a cooling tower. As a rate. The past two point six billion dollars could not answer those questions.,gpt_image_2,16:9,0.5,"SUBJECT AND COMPOSITION: A household and small-business billing counter where a thick legacy-project cost file physically weighs down a stack of current rate envelopes; the cooling towers appear only as a small distant photograph. Create one photorealistic 16:9 documentary still with a clear foreground, middle ground and background, realistic scale, restrained natural or institutional light, and a calm lower 18 percent for burned English subtitles. HISTORICAL AND FACTUAL BOUNDARY: Match the era stated in the subject. Treat the scene as an interpretive documentary reconstruction, with anonymous non-identifiable adults and plausible period materials. Do not claim exact geography unless the subject explicitly describes the present Satsop site. ABSOLUTE EXCLUSIONS: no words, letters, dates, numbers, logos, captions, title cards, maps, arrows, charts, graphs, diagrams, split screens, UI panels, infographic blocks, readable paper, nuclear glow, disaster imagery, operating Satsop reactor, fuel, smoke, dramatic steam, cinematic spectacle, painterly illustration or 3D infographic style.",PROMPT_READY_NOT_SUBMITTED
19,SAT-RPL-019,SAT-B059,620.9110000000001,632.011,document,The 1994 exhibits modeled Project Three at twelve hundred and forty megawatts. The combined-cycle reference was two hundred and forty megawatts.,gpt_image_2,16:9,0.5,"SUBJECT AND COMPOSITION: A utility resource-planning warehouse containing one enormous fixed nuclear plant scale model beside several smaller modular combined-cycle equipment models, with planners measuring how each fits the system; no numeric labels. Create one photorealistic 16:9 documentary still with a clear foreground, middle ground and background, realistic scale, restrained natural or institutional light, and a calm lower 18 percent for burned English subtitles. HISTORICAL AND FACTUAL BOUNDARY: Match the era stated in the subject. Treat the scene as an interpretive documentary reconstruction, with anonymous non-identifiable adults and plausible period materials. Do not claim exact geography unless the subject explicitly describes the present Satsop site. ABSOLUTE EXCLUSIONS: no words, letters, dates, numbers, logos, captions, title cards, maps, arrows, charts, graphs, diagrams, split screens, UI panels, infographic blocks, readable paper, nuclear glow, disaster imagery, operating Satsop reactor, fuel, smoke, dramatic steam, cinematic spectacle, painterly illustration or 3D infographic style.",PROMPT_READY_NOT_SUBMITTED
20,SAT-RPL-020,SAT-B063,670.851,681.331,gfx,The agency could shape and dispatch that output more flexibly around a hydroelectric system whose generation changed with water conditions.,gpt_image_2,16:9,0.5,"SUBJECT AND COMPOSITION: A hydroelectric dispatch center during changing river conditions: operators coordinate flexible gas-generation controls beside live analog water-flow instruments, with generation units responding at different scales, no screens with readable data. Create one photorealistic 16:9 documentary still with a clear foreground, middle ground and background, realistic scale, restrained natural or institutional light, and a calm lower 18 percent for burned English subtitles. HISTORICAL AND FACTUAL BOUNDARY: Match the era stated in the subject. Treat the scene as an interpretive documentary reconstruction, with anonymous non-identifiable adults and plausible period materials. Do not claim exact geography unless the subject explicitly describes the present Satsop site. ABSOLUTE EXCLUSIONS: no words, letters, dates, numbers, logos, captions, title cards, maps, arrows, charts, graphs, diagrams, split screens, UI panels, infographic blocks, readable paper, nuclear glow, disaster imagery, operating Satsop reactor, fuel, smoke, dramatic steam, cinematic spectacle, painterly illustration or 3D infographic style.",PROMPT_READY_NOT_SUBMITTED
21,SAT-RPL-021,SAT-B064,681.331,689.291,gfx,More of a combined-cycle plant's costs were variable and avoidable when it was not producing power.,gpt_image_2,16:9,0.5,"SUBJECT AND COMPOSITION: A quiet combined-cycle plant at partial dispatch: modular turbine equipment rests while fuel delivery and operating crews are visibly scaled back, conveying costs that can be avoided when the plant is not producing. Create one photorealistic 16:9 documentary still with a clear foreground, middle ground and background, realistic scale, restrained natural or institutional light, and a calm lower 18 percent for burned English subtitles. HISTORICAL AND FACTUAL BOUNDARY: Match the era stated in the subject. Treat the scene as an interpretive documentary reconstruction, with anonymous non-identifiable adults and plausible period materials. Do not claim exact geography unless the subject explicitly describes the present Satsop site. ABSOLUTE EXCLUSIONS: no words, letters, dates, numbers, logos, captions, title cards, maps, arrows, charts, graphs, diagrams, split screens, UI panels, infographic blocks, readable paper, nuclear glow, disaster imagery, operating Satsop reactor, fuel, smoke, dramatic steam, cinematic spectacle, painterly illustration or 3D infographic style.",PROMPT_READY_NOT_SUBMITTED
22,SAT-RPL-022,SAT-B065,689.291,696.939,gfx,Project Three carried a larger share of fixed costs that Bonneville would owe regardless of production.,gpt_image_2,16:9,0.5,"SUBJECT AND COMPOSITION: A preserved unfinished nuclear facility during a shutdown period: security, maintenance, inspections and protected equipment continue across the site despite no power production, making unavoidable fixed costs visible. Create one photorealistic 16:9 documentary still with a clear foreground, middle ground and background, realistic scale, restrained natural or institutional light, and a calm lower 18 percent for burned English subtitles. HISTORICAL AND FACTUAL BOUNDARY: Match the era stated in the subject. Treat the scene as an interpretive documentary reconstruction, with anonymous non-identifiable adults and plausible period materials. Do not claim exact geography unless the subject explicitly describes the present Satsop site. ABSOLUTE EXCLUSIONS: no words, letters, dates, numbers, logos, captions, title cards, maps, arrows, charts, graphs, diagrams, split screens, UI panels, infographic blocks, readable paper, nuclear glow, disaster imagery, operating Satsop reactor, fuel, smoke, dramatic steam, cinematic spectacle, painterly illustration or 3D infographic style.",PROMPT_READY_NOT_SUBMITTED
23,SAT-RPL-023,SAT-B069,726.998,739.158,generated,"Flexibility. An earlier study put the base estimate to complete Project Three at another one point five five billion dollars, in 1993 dollars.",gpt_image_2,16:9,0.5,"SUBJECT AND COMPOSITION: A 1993 project-estimating room dominated by a vast unfinished construction model and heavy new-capital cases waiting beside it; one analyst studies the remaining commitment rather than the money already spent. Create one photorealistic 16:9 documentary still with a clear foreground, middle ground and background, realistic scale, restrained natural or institutional light, and a calm lower 18 percent for burned English subtitles. HISTORICAL AND FACTUAL BOUNDARY: Match the era stated in the subject. Treat the scene as an interpretive documentary reconstruction, with anonymous non-identifiable adults and plausible period materials. Do not claim exact geography unless the subject explicitly describes the present Satsop site. ABSOLUTE EXCLUSIONS: no words, letters, dates, numbers, logos, captions, title cards, maps, arrows, charts, graphs, diagrams, split screens, UI panels, infographic blocks, readable paper, nuclear glow, disaster imagery, operating Satsop reactor, fuel, smoke, dramatic steam, cinematic spectacle, painterly illustration or 3D infographic style.",PROMPT_READY_NOT_SUBMITTED
24,SAT-RPL-024,SAT-B072,758.288,769.158,gfx,"In Bonneville's base case, completing Project Three exposed the agency to nearly three times as much capital at risk as the combined-cycle alternative.",gpt_image_2,16:9,0.5,"SUBJECT AND COMPOSITION: A risk committee compares two physical investment paths on a long table: one path uses a very large locked steel capital case leading to the preserved nuclear project, the other several smaller modular equipment cases leading to a compact gas plant. Create one photorealistic 16:9 documentary still with a clear foreground, middle ground and background, realistic scale, restrained natural or institutional light, and a calm lower 18 percent for burned English subtitles. HISTORICAL AND FACTUAL BOUNDARY: Match the era stated in the subject. Treat the scene as an interpretive documentary reconstruction, with anonymous non-identifiable adults and plausible period materials. Do not claim exact geography unless the subject explicitly describes the present Satsop site. ABSOLUTE EXCLUSIONS: no words, letters, dates, numbers, logos, captions, title cards, maps, arrows, charts, graphs, diagrams, split screens, UI panels, infographic blocks, readable paper, nuclear glow, disaster imagery, operating Satsop reactor, fuel, smoke, dramatic steam, cinematic spectacle, painterly illustration or 3D infographic style.",PROMPT_READY_NOT_SUBMITTED
25,SAT-RPL-025,SAT-B073,769.158,780.978,gfx,This comparison measured what would be lost if the resources were terminated early. Even the low Project Three case carried double the capital at risk.,gpt_image_2,16:9,0.5,"SUBJECT AND COMPOSITION: An early-termination exercise in a utility planning room: the nuclear route leaves behind two large unrecoverable equipment cases while the modular alternative leaves one smaller case, shown through physical props rather than charts. Create one photorealistic 16:9 documentary still with a clear foreground, middle ground and background, realistic scale, restrained natural or institutional light, and a calm lower 18 percent for burned English subtitles. HISTORICAL AND FACTUAL BOUNDARY: Match the era stated in the subject. Treat the scene as an interpretive documentary reconstruction, with anonymous non-identifiable adults and plausible period materials. Do not claim exact geography unless the subject explicitly describes the present Satsop site. ABSOLUTE EXCLUSIONS: no words, letters, dates, numbers, logos, captions, title cards, maps, arrows, charts, graphs, diagrams, split screens, UI panels, infographic blocks, readable paper, nuclear glow, disaster imagery, operating Satsop reactor, fuel, smoke, dramatic steam, cinematic spectacle, painterly illustration or 3D infographic style.",PROMPT_READY_NOT_SUBMITTED
26,SAT-RPL-026,SAT-B074,780.978,797.108,generated,Then came the need question. Bonneville projected that Project Three's full twelve hundred and forty-megawatt output would create about six hundred average megawatts of surplus power even under its high-load forecast.,gpt_image_2,16:9,0.5,"SUBJECT AND COMPOSITION: A regional grid planning room where an oversized nuclear plant model overwhelms the available customer-load blocks and hydro-system model, leaving a substantial group of power blocks with nowhere to go. Create one photorealistic 16:9 documentary still with a clear foreground, middle ground and background, realistic scale, restrained natural or institutional light, and a calm lower 18 percent for burned English subtitles. HISTORICAL AND FACTUAL BOUNDARY: Match the era stated in the subject. Treat the scene as an interpretive documentary reconstruction, with anonymous non-identifiable adults and plausible period materials. Do not claim exact geography unless the subject explicitly describes the present Satsop site. ABSOLUTE EXCLUSIONS: no words, letters, dates, numbers, logos, captions, title cards, maps, arrows, charts, graphs, diagrams, split screens, UI panels, infographic blocks, readable paper, nuclear glow, disaster imagery, operating Satsop reactor, fuel, smoke, dramatic steam, cinematic spectacle, painterly illustration or 3D infographic style.",PROMPT_READY_NOT_SUBMITTED
27,SAT-RPL-027,SAT-B075,797.108,807.618,gfx,"If all that surplus could be sold at Bonneville's Priority Firm rate, the agency still estimated a deficit of roughly two hundred million dollars per year.",gpt_image_2,16:9,0.5,"SUBJECT AND COMPOSITION: A wholesale power sales office with surplus-generation folders stacked unsold beside a large preserved-project cost case; even the most optimistic sales desk remains visibly unable to clear the accumulated obligation. Create one photorealistic 16:9 documentary still with a clear foreground, middle ground and background, realistic scale, restrained natural or institutional light, and a calm lower 18 percent for burned English subtitles. HISTORICAL AND FACTUAL BOUNDARY: Match the era stated in the subject. Treat the scene as an interpretive documentary reconstruction, with anonymous non-identifiable adults and plausible period materials. Do not claim exact geography unless the subject explicitly describes the present Satsop site. ABSOLUTE EXCLUSIONS: no words, letters, dates, numbers, logos, captions, title cards, maps, arrows, charts, graphs, diagrams, split screens, UI panels, infographic blocks, readable paper, nuclear glow, disaster imagery, operating Satsop reactor, fuel, smoke, dramatic steam, cinematic spectacle, painterly illustration or 3D infographic style.",PROMPT_READY_NOT_SUBMITTED
28,SAT-RPL-028,SAT-B079,837.138,846.888,generated,This was the answer hidden behind the seventy-four-percent number. The project was mostly built. The region did not need all of its power.,gpt_image_2,16:9,0.5,"SUBJECT AND COMPOSITION: A mostly completed industrial complex model occupies nearly the entire planning floor while the actual regional demand is represented by a sparse group of customer contracts on one small desk, emphasizing the mismatch without numbers. Create one photorealistic 16:9 documentary still with a clear foreground, middle ground and background, realistic scale, restrained natural or institutional light, and a calm lower 18 percent for burned English subtitles. HISTORICAL AND FACTUAL BOUNDARY: Match the era stated in the subject. Treat the scene as an interpretive documentary reconstruction, with anonymous non-identifiable adults and plausible period materials. Do not claim exact geography unless the subject explicitly describes the present Satsop site. ABSOLUTE EXCLUSIONS: no words, letters, dates, numbers, logos, captions, title cards, maps, arrows, charts, graphs, diagrams, split screens, UI panels, infographic blocks, readable paper, nuclear glow, disaster imagery, operating Satsop reactor, fuel, smoke, dramatic steam, cinematic spectacle, painterly illustration or 3D infographic style.",PROMPT_READY_NOT_SUBMITTED
29,SAT-RPL-029,SAT-B082,866.688,882.928,gfx,"Bonneville acknowledged those points. It also listed uncertainty in completion cost, upgrades after years of preservation, operating performance, maintenance, waste, decommissioning, regulation, and public opposition.",gpt_image_2,16:9,0.5,"SUBJECT AND COMPOSITION: A sober 1994 risk-review archive: separate blank folders for construction uncertainty, aging upgrades, operations, maintenance, waste, decommissioning, regulation and public response surround the preserved project model. Create one photorealistic 16:9 documentary still with a clear foreground, middle ground and background, realistic scale, restrained natural or institutional light, and a calm lower 18 percent for burned English subtitles. HISTORICAL AND FACTUAL BOUNDARY: Match the era stated in the subject. Treat the scene as an interpretive documentary reconstruction, with anonymous non-identifiable adults and plausible period materials. Do not claim exact geography unless the subject explicitly describes the present Satsop site. ABSOLUTE EXCLUSIONS: no words, letters, dates, numbers, logos, captions, title cards, maps, arrows, charts, graphs, diagrams, split screens, UI panels, infographic blocks, readable paper, nuclear glow, disaster imagery, operating Satsop reactor, fuel, smoke, dramatic steam, cinematic spectacle, painterly illustration or 3D infographic style.",PROMPT_READY_NOT_SUBMITTED
30,SAT-RPL-030,SAT-B083,882.928,897.088,generated,Bonneville examined other possibilities. It considered repowering Project Three as a gas-fired combined-cycle plant and found no clear economic advantage over building a new one.,gpt_image_2,16:9,0.5,"SUBJECT AND COMPOSITION: An engineering evaluation bay compares repowering the preserved nuclear site with building a clean new combined-cycle plant on an empty industrial parcel; both options are shown as realistic physical models under equal neutral light. Create one photorealistic 16:9 documentary still with a clear foreground, middle ground and background, realistic scale, restrained natural or institutional light, and a calm lower 18 percent for burned English subtitles. HISTORICAL AND FACTUAL BOUNDARY: Match the era stated in the subject. Treat the scene as an interpretive documentary reconstruction, with anonymous non-identifiable adults and plausible period materials. Do not claim exact geography unless the subject explicitly describes the present Satsop site. ABSOLUTE EXCLUSIONS: no words, letters, dates, numbers, logos, captions, title cards, maps, arrows, charts, graphs, diagrams, split screens, UI panels, infographic blocks, readable paper, nuclear glow, disaster imagery, operating Satsop reactor, fuel, smoke, dramatic steam, cinematic spectacle, painterly illustration or 3D infographic style.",PROMPT_READY_NOT_SUBMITTED
31,SAT-RPL-031,SAT-B085,910.628,926.368,document,"In May 1994, the Bonneville administrator made the final determination. Neither continued preservation nor completion under the existing agreements was in the best interest of Bonneville and the region's ratepayers.",gpt_image_2,16:9,0.5,"SUBJECT AND COMPOSITION: A May 1994 federal public-power decision room after the final determination: the preserved Project Three model is being covered and the next-investment case is closed, with empty board chairs and blank official folders. Create one photorealistic 16:9 documentary still with a clear foreground, middle ground and background, realistic scale, restrained natural or institutional light, and a calm lower 18 percent for burned English subtitles. HISTORICAL AND FACTUAL BOUNDARY: Match the era stated in the subject. Treat the scene as an interpretive documentary reconstruction, with anonymous non-identifiable adults and plausible period materials. Do not claim exact geography unless the subject explicitly describes the present Satsop site. ABSOLUTE EXCLUSIONS: no words, letters, dates, numbers, logos, captions, title cards, maps, arrows, charts, graphs, diagrams, split screens, UI panels, infographic blocks, readable paper, nuclear glow, disaster imagery, operating Satsop reactor, fuel, smoke, dramatic steam, cinematic spectacle, painterly illustration or 3D infographic style.",PROMPT_READY_NOT_SUBMITTED
32,SAT-RPL-032,SAT-B089,954.888,965.468,document,Its completion option ended in 1994. The Nuclear Regulatory Commission revoked its construction permit in January 1999.,gpt_image_2,16:9,0.5,"SUBJECT AND COMPOSITION: A late-1990s regulatory records room: the Project Three construction-permit folder is removed from an active-file shelf and placed into a closed archive box while an unfinished cooling tower photograph remains in the background. Create one photorealistic 16:9 documentary still with a clear foreground, middle ground and background, realistic scale, restrained natural or institutional light, and a calm lower 18 percent for burned English subtitles. HISTORICAL AND FACTUAL BOUNDARY: Match the era stated in the subject. Treat the scene as an interpretive documentary reconstruction, with anonymous non-identifiable adults and plausible period materials. Do not claim exact geography unless the subject explicitly describes the present Satsop site. ABSOLUTE EXCLUSIONS: no words, letters, dates, numbers, logos, captions, title cards, maps, arrows, charts, graphs, diagrams, split screens, UI panels, infographic blocks, readable paper, nuclear glow, disaster imagery, operating Satsop reactor, fuel, smoke, dramatic steam, cinematic spectacle, painterly illustration or 3D infographic style.",PROMPT_READY_NOT_SUBMITTED
33,SAT-RPL-033,SAT-B097,1032.248,1039.568,document,Transfer of the Project Three property and facilities was completed during fiscal year 2000.,gpt_image_2,16:9,0.5,"SUBJECT AND COMPOSITION: A fiscal-year-2000 property transfer scene at the industrial site: keys, facility drawings with blank title blocks and asset inventory binders pass across a table from utility representatives to local development officials. Create one photorealistic 16:9 documentary still with a clear foreground, middle ground and background, realistic scale, restrained natural or institutional light, and a calm lower 18 percent for burned English subtitles. HISTORICAL AND FACTUAL BOUNDARY: Match the era stated in the subject. Treat the scene as an interpretive documentary reconstruction, with anonymous non-identifiable adults and plausible period materials. Do not claim exact geography unless the subject explicitly describes the present Satsop site. ABSOLUTE EXCLUSIONS: no words, letters, dates, numbers, logos, captions, title cards, maps, arrows, charts, graphs, diagrams, split screens, UI panels, infographic blocks, readable paper, nuclear glow, disaster imagery, operating Satsop reactor, fuel, smoke, dramatic steam, cinematic spectacle, painterly illustration or 3D infographic style.",PROMPT_READY_NOT_SUBMITTED
34,SAT-RPL-034,SAT-B098,1039.568,1051.679,generated,The nuclear investment could not be recovered by pretending the reactor still made sense. But parts of the industrial site had value outside the original plan.,gpt_image_2,16:9,0.5,"SUBJECT AND COMPOSITION: A present-day adaptive-reuse transition at the former nuclear site: existing heavy industrial buildings, roads, substations and utility corridors support active non-nuclear tenants while the unfinished cooling tower remains distant and inactive. Create one photorealistic 16:9 documentary still with a clear foreground, middle ground and background, realistic scale, restrained natural or institutional light, and a calm lower 18 percent for burned English subtitles. HISTORICAL AND FACTUAL BOUNDARY: Match the era stated in the subject. Treat the scene as an interpretive documentary reconstruction, with anonymous non-identifiable adults and plausible period materials. Do not claim exact geography unless the subject explicitly describes the present Satsop site. ABSOLUTE EXCLUSIONS: no words, letters, dates, numbers, logos, captions, title cards, maps, arrows, charts, graphs, diagrams, split screens, UI panels, infographic blocks, readable paper, nuclear glow, disaster imagery, operating Satsop reactor, fuel, smoke, dramatic steam, cinematic spectacle, painterly illustration or 3D infographic style.",PROMPT_READY_NOT_SUBMITTED
35,SAT-RPL-035,SAT-B099,1051.679,1060.561,gfx,Roads. Large buildings. Electrical connections. Water and wastewater systems. Transmission access.,gpt_image_2,16:9,0.5,"SUBJECT AND COMPOSITION: A present-day ground-level view through an active industrial park showing paved heavy-haul roads, occupied large buildings, electrical infrastructure, water-service structures and transmission access in one coherent real environment. Create one photorealistic 16:9 documentary still with a clear foreground, middle ground and background, realistic scale, restrained natural or institutional light, and a calm lower 18 percent for burned English subtitles. HISTORICAL AND FACTUAL BOUNDARY: Match the era stated in the subject. Treat the scene as an interpretive documentary reconstruction, with anonymous non-identifiable adults and plausible period materials. Do not claim exact geography unless the subject explicitly describes the present Satsop site. ABSOLUTE EXCLUSIONS: no words, letters, dates, numbers, logos, captions, title cards, maps, arrows, charts, graphs, diagrams, split screens, UI panels, infographic blocks, readable paper, nuclear glow, disaster imagery, operating Satsop reactor, fuel, smoke, dramatic steam, cinematic spectacle, painterly illustration or 3D infographic style.",PROMPT_READY_NOT_SUBMITTED
